Restaurant,Address,Latitude,Longitude
"Culver’s of Albertville, AL","Mathis Mill Rd, Alabama, USA",34.29373518167634,-86.20935808488876
Culver’s of Auburn AL,"E University Dr, Alabama, USA",32.361518402325736,-86.29209162343166
"Culver’s of Birmingham, AL","Tattersall Blvd, Alabama, USA",33.42301362673137,-86.66754652004198
"Culver’s of Decatur, AL","6th Ave, Alabama, USA",33.50678489288524,-86.9196074921057
"Culver’s of Florence, AL","Cloverdale Rd, Alabama, USA",32.34686195985761,-86.29265795508077
"Culver’s of Foley, AL","S McKenzie St, Alabama, USA",32.52975089220906,-85.89646458244039
"Culver’s of Hampton Cove, AL","US Hwy 431, Alabama, USA",34.64977930078545,-86.44676577069129
"Culver’s of Hazel Green, AL","US 231 S, Alabama, USA",34.575647,-86.56786930000001
"Culver’s of Hoover, AL","John Hawkins Pkwy, Alabama, USA",33.36036275183051,-86.83126889294422
"Culver’s of Huntsville, AL","Winchester Rd, Alabama, USA",32.34444700338327,-86.25262271453282
"Culver’s of Madison, AL","Wall Triana Hwy, Alabama, USA",34.65589707251008,-86.75524083838535
"Culver’s of Madison, AL","Hwy 72 W, Alabama, USA",34.78996578124857,-86.97366928115464
"Culver’s of Mobile, AL","Airport Blvd, Alabama, USA",30.67596601324542,-88.16002202654943
"Culver’s of Orange Beach, AL","Canal Rd, Alabama, USA",30.577805281015944,-88.0844948489952
"Culver’s of Oxford, AL","Recreation Dr, Alabama, USA",33.45132417681095,-86.13598526310031
"Culver’s of Phenix City, AL","Hwy 280, Alabama, USA",33.48009,-86.7752
"Culver’s of Avondale, AZ","N Avondale Blvd, Arizona, USA",33.44857522213635,-112.3066121733642
"Culver’s of Buckeye, AZ","N Verrado Way, Arizona, USA",33.48186870085376,-112.50968252376167
"Culver’s of Bullhead City, AZ","Hwy 95, Arizona, USA",32.5918269076451,-114.67714794032354
"Culver’s of Casa Grande, AZ","E Florence Blvd, Arizona, USA",32.8795143744412,-111.72225556713272
"Culver’s of Chandler, AZ","W Ray Rd, Arizona, USA",33.320102391702896,-111.9107869417538
"Culver’s of Chandler, AZ","S Arizona Ave, Arizona, USA",32.212065263749665,-110.96778659623985
"Culver’s of Flagstaff, AZ","Route 66, Arizona, USA",35.21091518998881,-111.52331529163949
"Culver’s of Gilbert, AZ","Val Vista Dr, Arizona, USA",33.756115427535434,-111.98479985117659
"Culver’s of Glendale, AZ","N 99th Ave, Arizona, USA",33.497323979509176,-112.27248808293139
"Culver’s of Goodyear, AZ","Estrella Pkwy, Arizona, USA",33.0643006960729,-112.05855149962949
"Culver’s of Sahuarita, AZ","S Nogales Hwy, Arizona, USA",32.097343068156405,-110.9596756674775
"Culver’s of Kingman, AZ","Airway Ave, Arizona, USA",35.22492407748343,-113.96539267923015
"Culver’s of Lake Havasu City, AZ","Countryshire Ave, Arizona, USA",34.489778185246635,-114.35101180924087
"Culver’s of Maricopa, AZ","N John Wayne Pkwy, Arizona, USA",33.06339280844893,-112.0479176840345
"Culver’s of Mesa, AZ","S Country Club Dr, Arizona, USA",33.38605215,-111.84000660000001
"Culver’s of Mesa, AZ","S Greenfield Rd, Arizona, USA",33.39538433434808,-111.73652189762745
"Culver’s of Mesa, AZ","S Crismon Rd, Arizona, USA",33.28482875978783,-111.6177136590703
"Culver’s of Payson, AZ","E Hwy 260, Arizona, USA",34.42743900466504,-110.58531986458364
"Culver’s of Peoria, AZ","W Ludlow Dr, Arizona, USA",33.61172994146059,-112.24728545592562
"Culver’s of Peoria, AZ","W Deer Valley Rd, Arizona, USA",33.68313426564274,-112.14208712023775
"Culver’s of Phoenix, AZ","W Deer Valley Dr, Arizona, USA",33.68567579482744,-112.39372355041607
"Culver’s of Phoenix, AZ","E Camelback Rd, Arizona, USA",33.51000245,-112.0156665
"Culver’s of Phoenix, AZ","N Cave Creek Rd, Arizona, USA",33.56858083637886,-112.06427295801919
"Culver’s of Prescott, AZ","Willow Creek Road, Arizona, USA",34.586658987820456,-112.47727977370849
"Culver’s of Prescott Valley, AZ","N Stoneridge Dr, Arizona, USA",34.569303861546366,-112.34817750796917
"Culver’s of Queen Creek, AZ","W Ocotillo Rd, Arizona, USA",33.534836334665705,-112.1450382702268
"Culver’s of Scottsdale, AZ","E Shea Blvd, Arizona, USA",33.58277143225215,-111.98037017530591
"Culver’s of Show Low, AZ","White Mountain Rd, Arizona, USA",34.17727954977076,-109.97505648961184
"Culver’s of Sierra Vista, AZ","S Hwy 92, Arizona, USA",31.5493448,-110.2580432
"Culver’s of Surprise, AZ","W Bell Rd, Arizona, USA",33.63922608073045,-112.1523635004299
"Culver’s of Tempe, AZ","E Southern Ave, Arizona, USA",33.39263797011278,-111.99502824962501
"Culver’s of Tucson, AZ","N Thornydale Rd, Arizona, USA",32.44740356016528,-111.046836368527
"Culver’s of Tucson, AZ","S Broadway Pl, Arizona, USA",32.21860774137736,-110.83106766767679
"Culver’s of Tucson, AZ","N 1st Ave, Arizona, USA",33.657299423201515,-112.07462002319092
"Culver’s of Tucson, AZ","S Kino Pkwy, Arizona, USA",32.19674541864802,-110.94911558688152
"Culver’s of Tucson, AZ","W Valencia Rd, Arizona, USA",32.13367576059008,-110.99590787983962
"Culver’s of Bentonville, AR","Walton Blvd, Arkansas, USA",36.3349295,-94.18310445
"Culver’s of Rogers, AR","New Hope Rd, Arkansas, USA",34.54795672001382,-92.56066637717177
"Culver’s of Aurora, CO","Buckley Rd, Colorado, USA",39.798570152005624,-104.79091660939746
"Culver’s of Castle Rock, CO","Meadows Pkwy, Colorado, USA",39.40219787031152,-104.88448368112161
"Culver’s of Centennial, CO","E Arapahoe Rd, Colorado, USA",39.59313791724762,-104.72247583606982
"Culver’s of Colorado Springs, CO","New Center Pt, Colorado, USA",38.88301682640631,-104.71720343599249
"Culver’s of Colorado Springs, CO","Lake Plaza Dr, Colorado, USA",38.79347614182403,-104.80622778765253
"Culver’s of Colorado Springs, CO","N Academy Blvd, Colorado, USA",38.88154323590582,-104.75710630476418
"Culver’s of Denver, CO","N Tower Rd, Colorado, USA",39.800552897453606,-104.77205184590288
"Culver’s of Falcon, CO","N Meridian Rd, Colorado, USA",38.933687235086474,-104.6128135105195
"Culver’s of Fort Collins, CO","S Lemay Ave, Colorado, USA",40.514093476762405,-105.0581035597975
"Culver’s of Fountain, CO","Fountain Mesa Rd, Colorado, USA",38.72359588037209,-104.69937815741181
"Culver’s of Glenwood Springs, CO","Hwy 6, Colorado, USA",39.6508277,-106.954169
"Culver’s of Grand Junction, CO","24 1/2 Road, Colorado, USA",39.106100098576576,-108.59882915399834
"Culver’s of Greeley, CO","W 29th St, Colorado, USA",38.29813105,-104.6120743
"Culver’s of Johnstown, CO","I-25 and Hwy 34, Colorado, USA",40.4065744,-104.9807744
"Culver’s of Lakewood, CO","S Wadsworth Blvd, Colorado, USA",39.63578189372838,-105.08224903497204
"Culver’s of Littleton, CO","S Broadway, Colorado, USA",39.70048447431717,-104.98740397403377
"Culver’s of Longmont, CO","S Hover Rd, Colorado, USA",40.13631394565511,-105.13090162149616
"Culver’s of Loveland, CO","Eisenhower Blvd, Colorado, USA",40.407196,-105.03720595
"Culver’s of Montrose, CO","Wolverine Dr, Colorado, USA",38.44295901879306,-107.86731043164363
"Culver’s of Parker, CO","E Mainstreet, Colorado, USA",39.517026190449506,-104.81243985963776
"Culver’s of Pueblo, CO","Pueblo Blvd, Colorado, USA",38.21559562903261,-104.61926630708162
"Culver’s of Rifle, CO","Airport Rd, Colorado, USA",38.82533406717413,-104.74262846231193
"Culver’s of Thornton, CO","Washington St, Colorado, USA",39.78978465065865,-104.97827688837205
"Culver’s of Westminster, CO","W 72nd Ave, Colorado, USA",39.82711735,-105.12488175
"Culver’s of Apopka, FL","Semoran Blvd, Florida, USA",28.551436403003496,-81.31063493101027
"Culver’s of Arcadia, FL","SE HWY 70, Florida, USA",27.2082759,-81.8344691
"Culver’s of Avon Park, FL","US Hwy 27, Florida, USA",28.748190151116464,-81.87706823225368
"Culver’s of Bonita Springs, FL","Bonita Beach Rd SE, Florida, USA",26.33151625293315,-81.74780055543448
"Culver’s of Bradenton, FL","Ranch Lake Blvd, Florida, USA",27.42553069251727,-82.45765413845336
"Culver’s of Bradenton, FL","Cortez Rd W, Florida, USA",27.462574127552802,-82.61121968703739
"Culver’s of Bradenton, FL","East State Rd 64, Florida, USA",27.4975467,-82.5036948
"Culver’s of Bradenton, FL","SR 64 East, Florida, USA",27.9178818,-82.734197
"Culver’s of Brandon, FL","E Brandon Blvd, Florida, USA",27.937806420430498,-82.27789999244816
"Culver’s of Brooksville, FL","Cortez Blvd, Florida, USA",29.808584639318518,-81.29561436068148
"Culver’s of Brooksville, FL","S Broad St, Florida, USA",28.0069825,-82.1345015
"Culver’s of Cape Coral, FL","Cape Coral Pkwy E, Florida, USA",26.562854738894224,-81.96590424547945
"Culver’s of Cape Coral, FL","SW Pine Island Rd, Florida, USA",26.64232400882902,-81.99674213423718
"Culver’s of Cape Coral, FL","Skyline Blvd, Florida, USA",26.625965523629656,-81.9913803509431
"Culver’s of Cape Coral, FL","NE Pine Island Rd, Florida, USA",26.65792193431051,-81.96174392010886
"Culver’s of Casselberry, FL","US Hwy 17-92, Florida, USA",28.6755268,-81.3374528
"Culver’s of Clearwater, FL","Gulf to Bay Blvd, Florida, USA",27.960686918784166,-82.76461135554185
"Culver’s of Clermont, FL","Johns Lake Rd, Florida, USA",28.525988654210877,-81.72274659284918
"Culver’s of Cooper City, FL","N University Dr, Florida, USA",25.91168057310523,-80.14078027854599
"Culver’s of Davenport, FL","Posner Blvd, Florida, USA",28.232427108925716,-81.64150005700752
"Culver’s of Daytona Beach, FL","Outlet Blvd, Florida, USA",29.220164859810392,-81.09609467998555
"Culver’s of Deland, FL","N Woodland Blvd, Florida, USA",29.0605423,-81.30439215
"Culver’s of Destin, FL","Hwy 98 W, Florida, USA",30.18075138659007,-85.71657960391629
"Culver’s of Estero, FL","Corkscrew Rd, Florida, USA",26.431419849926804,-81.7948365295216
"Culver’s of Estero, FL","S Tamiami Trail, Florida, USA",27.328165086802237,-82.53052939225456
"Culver’s of Fort Myers, FL","University Plaza Dr, Florida, USA",30.50117271049284,-87.22731666874532
"Culver’s of Fort Myers, FL","S Cleveland Ave, Florida, USA",26.596720150000003,-81.8716869
"Culver’s of Fort Myers, FL","Six Mile Cypress Pkwy, Florida, USA",26.608010303274927,-81.81110750179792
"Culver’s of Fort Walton Beach, FL","Green Acres Rd, Florida, USA",29.89300381117977,-81.40181378351211
"Culver’s of Gainesville, FL","SW 30th Pl, Florida, USA",25.760832863276097,-80.24414359439848
"Culver’s of Haines City, FL","N US Hwy 27, Florida, USA",28.748190151116464,-81.87706823225368
"Culver’s of Highland City, FL","Clubhouse Rd, Florida, USA",26.016248430221665,-80.29502696989901
"Culver’s of Inverness, FL","W Main Street, Florida, USA",27.957251514154716,-82.49936617160158
"Culver’s of Jacksonville, FL","Collins Rd, Florida, USA",30.20431305,-81.7572602
"Culver’s of Jacksonville, FL","Gate Pkwy, Florida, USA",30.24430534673965,-81.53445149315233
"Culver’s of Jacksonville, FL","Monument Rd, Florida, USA",30.343214865200697,-81.53580785625002
"Culver’s of Jacksonville, FL","Hodges Blvd, Florida, USA",30.313466855420728,-81.45793787931088
"Culver’s of Jensen Beach, FL","NW Federal Hwy, Florida, USA",27.22852406204647,-80.26580606828651
"Culver’s of Jupiter, FL","Military Trl, Florida, USA",26.437138349775278,-80.12208756274607
"Culver’s of Kissimmee, FL","W Irlo Bronson Memorial Hwy, Florida, USA",28.304344087449007,-81.45186873098685
"Culver’s of Kissimmee, FL","N Orange Blossom Trl, Florida, USA",28.554725751271363,-81.39561542363475
"Culver’s of LaBelle, FL","Lashley St, Florida, USA",26.7607415016544,-81.4480091621825
"Culver’s of Lake City, FL","NW Commons Loop, Florida, USA",30.179860632531533,-82.6639298680153
"Culver’s of Lake Park, FL","Congress Ave, Florida, USA",26.7501595,-80.0890725
"Culver’s of Lakeland, FL","US Hwy 98 N, Florida, USA",28.09444170402535,-81.97391166872968
"Culver’s of Lakeland, FL","Florida Ave, Florida, USA",25.821665549992087,-80.30459550022235
"Culver’s of Land O’ Lakes, FL","Land O’ Lakes Blvd, Florida, USA",28.194779330383444,-82.46520338235456
"Culver’s of Largo, FL","E Bay Dr, Florida, USA",26.11998243771757,-80.41854947800715
"Culver’s of Lecanto, FL","North Lecanto Highway, Florida, USA",28.875340085328094,-82.48984854897537
"Culver’s of Lehigh Acres, FL","Lee Blvd, Florida, USA",27.550397851173507,-80.4105399
"Culver’s of Loxahatchee Groves, FL","Southern Blvd, Florida, USA",26.676023568116708,-80.06422477456292
"Culver’s of Wesley Chapel, FL","Sun Vista Dr, Florida, USA",28.1899080618072,-82.39505026949944
"Culver’s of Lutz, FL","Walmart Way, Florida, USA",26.69466598563428,-80.10899104939014
"Culver’s of Margate, FL","Copans Rd, Florida, USA",26.260653313736146,-80.12903142572077
"Culver’s of Middleburg, FL","Blanding Blvd, Florida, USA",30.23051319213695,-81.7386195850448
"Culver’s of Milton, FL","US Hwy 90, Florida, USA",30.238551049117127,-82.30464011492171
"Culver’s of Mt. Dora, FL","US Hwy 441, Florida, USA",28.821863639415334,-81.78284038845933
"Culver’s of Naples, FL","Airport Pulling Rd N, Florida, USA",26.14890450976295,-81.76663747531089
"Culver’s of Naples, FL","Tamiami Trl E, Florida, USA",26.13778039424659,-81.78234688053293
"Culver’s of Naples, FL","Immokalee Rd, Florida, USA",26.41485549855759,-81.41740737755026
"Culver’s of Navarre, FL","Navarre Pkwy, Florida, USA",30.402897058130208,-86.85538478116983
"Culver’s of New Smyrna Beach, FL","State Road 44, Florida, USA",29.01293470045378,-80.98508772047792
"Culver’s of North Port, FL","Tuscola Blvd, Florida, USA",27.039817853953053,-82.22708584131604
"Culver’s of Ocala, FL","SW College Road, Florida, USA",29.167936737799828,-82.1666266275776
"Culver’s of Trinity, FL","State Rd 54, Florida, USA",28.193396064345162,-82.4748316473703
"Culver’s of Orlando, FL","Millenia Blvd, Florida, USA",28.479028813337717,-81.4423323385825
"Culver’s of Lake Nona, FL","Narcoossee Rd, Florida, USA",28.4431951,-81.26099865
"Culver’s of Orlando, FL","E Colonial Dr, Florida, USA",28.553149244023917,-81.35643790037953
"Culver’s of Ormond Beach, FL","W Granada Blvd, Florida, USA",29.28116447062654,-81.0675644202266
"Culver’s of Oviedo, FL","W Mitchell Hammock Rd, Florida, USA",28.655633550901847,-81.21299325738207
"Culver’s of Palm Coast, FL","E Hwy 100, Florida, USA",29.474978,-81.2202613
"Culver’s of Palmetto, FL","US Hwy 301, Florida, USA",27.521509842953883,-82.53959009636836
"Culver’s of Panama City, FL","S Tyndall Pkwy, Florida, USA",30.12740651527639,-85.59123886484196
"Culver’s of Panama City Beach, FL","Panama City Beach Pkwy, Florida, USA",30.19968878266737,-85.81795256115598
"Culver’s of Pensacola, FL","Bayou Blvd, Florida, USA",30.438844079664637,-87.18218432711545
"Culver’s of Pensacola, FL","Mobile Hwy, Florida, USA",30.474933253621515,-87.30794097242085
"Culver’s of Pinellas Park, FL","Park Blvd N, Florida, USA",27.839273002864715,-82.7557793425827
"Culver’s of Plant City, FL","N Park Rd, Florida, USA",26.034901468981186,-80.17543397771925
"Culver’s of Port Charlotte, FL","Kings Hwy, Florida, USA",27.9827211129493,-82.77949293845145
"Culver’s of Port Charlotte, FL","El Jobean Rd, Florida, USA",26.999864542208574,-82.18401553196747
"Culver’s of Port Orange, FL","Dunlawton Ave, Florida, USA",29.13905583938078,-80.99669610884928
"Culver’s of Port Richey, FL","US Hwy 19, Florida, USA",28.14356975,-82.7404108
"Culver’s of Port St. Lucie, FL","SW Tradition Pkwy, Florida, USA",27.263916,-80.4342952
"Culver’s of Punta Gorda, FL","Jones Loop Rd, Florida, USA",26.884392696797093,-81.99887316435526
"Culver’s of Riverview, FL","Big Bend Rd, Florida, USA",27.80130384177038,-82.29157515389815
"Culver’s of Riverview, FL","Boyette Rd, Florida, USA",27.853741515166064,-82.30736668855371
"Culver’s of Sanford, FL","Orlando Dr, Florida, USA",28.774083639512167,-81.27799334785284
"Culver’s of Sarasota, FL","University Pkwy, Florida, USA",27.381987838990216,-82.55417519234426
"Culver’s of Sarasota, FL","S Tamiami Trl, Florida, USA",27.323208103418942,-82.52975168611117
"Culver’s of Sarasota, FL","Cattlemen Rd, Florida, USA",27.294100212621775,-82.45170571419064
"Culver’s of Sebring, FL","US Hwy 27, Florida, USA",28.748190151116464,-81.87706823225368
"Culver’s of Seminole, FL","Park Blvd, Florida, USA",25.772338650000002,-80.33974185
"Culver’s of Spring Hill, FL","County Line Rd, Florida, USA",27.381651154591147,-82.55537581550519
"Culver’s of St. Augustine, FL","US Hwy 1, Florida, USA",27.303679799999998,-80.30726745
"Culver’s of St. Augustine, FL","Stratton Blvd, Florida, USA",29.92484502373144,-81.39021265600829
"Culver’s of St. Cloud, FL","E Irlo Bronson Hwy, Florida, USA",28.246006214298035,-81.24523230010531
"Culver’s of St. Johns, FL","Fountains Way, Florida, USA",26.475006976849784,-80.09060824681758
"Culver’s of St. Petersburg, FL","4th St N, Florida, USA",27.803466238286646,-82.74707196764264
"Culver’s of St. Petersburg, FL","34th St N, Florida, USA",27.77205000572178,-82.67951322892367
"Culver’s of Stuart, FL","S Kanner Hwy, Florida, USA",27.182902393594986,-80.25316338206392
"Culver’s of Tallahassee, FL","Monroe St, Florida, USA",27.87016,-82.5203875
"Culver’s of Tallahassee, FL","Apalachee Pkwy, Florida, USA",30.427111326938636,-84.23184958115256
"Culver’s of Tamarac, FL","W Commercial Blvd, Florida, USA",26.1882048,-80.16621814999999
"Culver’s of Tampa, FL","N Nebraska Ave, Florida, USA",28.03514714980196,-82.45119339595672
"Culver’s of Tampa, FL","W Hillsborough Ave, Florida, USA",27.996067349999997,-82.46555765
"Culver’s of Brandon, FL","S Falkenburg Rd, Florida, USA",27.891430114261905,-82.35853651706613
"Culver’s of Tampa, FL","Citrus Park Dr, Florida, USA",28.06425487295275,-82.58779573419658
"Culver’s of Carrollwood, FL","Dale Mabry Hwy, Florida, USA",27.893457449920163,-82.50641829363146
"Culver’s within The Villages®, FL","E County Rd 466, Florida, USA",30.5709993,-87.31329539911059
"Culver’s of Titusville, FL","Cheney Hwy, Florida, USA",28.553297899999997,-81.32564454999999
"Culver’s of Venice, FL","Times Cir, Florida, USA",27.10386394796184,-82.3832048148772
"Culver’s of Venice, FL","Tamiami Trail, Florida, USA",25.766384339530987,-80.19462488578849
"Culver’s of Viera, FL","Lake Andrew Dr, Florida, USA",28.265067739977294,-80.73320587904304
"Culver’s of Wesley Chapel, FL","Wiregrass, Florida, USA",28.1895305,-82.3484277
"Culver’s of West Melbourne, FL","Palm Bay Rd, Florida, USA",28.035371988134816,-80.66487874927138
"Culver’s of Wildwood, FL","Sundance Trail, Florida, USA",27.73988115,-80.39006905
"Culver’s of Winter Garden, FL","W Colonial Dr, Florida, USA",28.552957826192735,-81.3952828612181
"Culver’s of Winter Haven, FL","Cypress Gardens Blvd, Florida, USA",27.988628230773223,-81.6884460745927
"Culver’s of Yulee, FL","State Road, Florida, USA",26.6422594,-80.2047546
"Culver’s of Zephyrhills, FL","Gall Blvd, Florida, USA",28.251084807477127,-82.18811506575717
"Culver’s of Acworth, GA","Hwy 92, Georgia, USA",34.08753727354016,-84.48358145233469
"Culver’s of Braselton, GA","Old Winder Hwy, Georgia, USA",34.12605260800729,-83.82976633738842
"Culver’s of Buford, GA","Buford Dr, Georgia, USA",32.59999355,-83.61526850000001
"Culver’s of Hickory Flat-Canton, GA","Hickory Flat Hwy, Georgia, USA",34.22296539700078,-84.48091179396252
"Culver’s of Columbus, GA","Midland Commons Blvd, Georgia, USA",32.54445849187124,-84.87497559932048
"Culver’s of Commerce, GA","Hwy 441, Georgia, USA",33.904894591663066,-83.40454772805766
"Culver’s of Cumming, GA","Bethelview Rd, Georgia, USA",34.18658745997704,-84.19657901652309
"Culver’s of Dawsonville, GA","S 400 Center Ln, Georgia, USA",34.36454519379671,-84.03985937854027
"Culver’s of Gainesville, GA","Dawsonville Hwy, Georgia, USA",34.30490563337856,-83.86139883618272
"Culver’s of Grovetown, GA","Gateway Blvd, Georgia, USA",33.776613173577545,-84.15068110143766
"Culver’s of Jasper, GA","Hwy 515, Georgia, USA",34.4439542044954,-84.44288691355676
"Culver’s of Kennesaw, GA","Cobb Pkwy N, Georgia, USA",33.97773815,-84.55072195000001
"Culver’s of Lawrenceville, GA","Scenic Hwy S, Georgia, USA",33.8452494414529,-84.02943304078562
"Culver’s of Macon, GA","Northside Dr, Georgia, USA",33.791577300051706,-84.40800040175878
"Culver’s of McDonough, GA","Hwy 81 W, Georgia, USA",33.4265569,-84.1845992
"Culver’s of Newnan, GA","Newnan Crossing Byp, Georgia, USA",33.37723492285638,-84.7613791300488
"Culver’s of Pooler, GA","Tanger Outlet Blvd, Georgia, USA",32.132212716035525,-81.24787493105256
"Culver’s of Rockmart, GA","Nathan Dean Pkwy, Georgia, USA",34.0112227297306,-85.04873360679333
"Culver’s of Savannah, GA","W Montgomery Crossroad, Georgia, USA",31.9897645,-81.0759695
"Culver’s of Sugar Hill, GA","Peachtree Industrial Blvd, Georgia, USA",34.01971855,-84.16075225
"Culver’s of Johns Creek, GA","Peachtree Pkwy, Georgia, USA",34.068251348334435,-84.16814734390123
"Culver’s of Valdosta, GA","N Valdosta Rd, Georgia, USA",30.880308703972222,-83.3069566079058
"Culver’s of Warner Robins, GA","Hwy 96, Georgia, USA",32.5446188053582,-83.59193501592924
"Culver’s of Woodstock, GA","Hwy 92, Georgia, USA",34.08753727354016,-84.48358145233469
"Culver’s of Ammon, ID","25th East, Idaho, USA",43.50340783374184,-111.98396059693202
"Culver’s of Idaho Falls, ID","Pancheri Dr, Idaho, USA",43.483355002193015,-112.04529047759769
"Culver’s of Meridian, ID","E Ustick Rd, Idaho, USA",43.63387138166645,-116.3423820029229
"Culver’s of Twin Falls, ID","Pole Line Rd, Idaho, USA",42.898561100352495,-112.46623824292678
"Culver’s of Addison, IL","W Lake St, Illinois, USA",41.885832498927414,-87.73317531003106
"Culver’s of Antioch, IL","E IL Rte 173, Illinois, USA",42.466280722488044,-88.0576359455907
"Culver’s of Arlington Heights, IL","Northwest Hwy, Illinois, USA",42.22613964433299,-88.29510718467105
"Culver’s of Aurora, IL","State Rd 59, Illinois, USA",40.0761458,-87.9583671
"Culver’s of Bartlett, IL","Route 59, Illinois, USA",41.7780677,-88.2084482
"Culver’s of Batavia, IL","Randall Rd, Illinois, USA",42.00358980708451,-88.3360031652823
"Culver’s of Belvidere, IL","Big Thunder Blvd, Illinois, USA",42.27340878076694,-88.85868342288724
"Culver’s of Berwyn, IL","W Roosevelt Rd, Illinois, USA",41.86644709423089,-87.70217415048344
"Culver’s of Bloomingdale, IL","Schick Rd, Illinois, USA",41.95267775,-88.13244405
"Culver’s of Bloomington, IL","Hershey Rd, Illinois, USA",40.51382587848638,-88.9421750259519
"Culver’s of Bloomington, IL","W Market St, Illinois, USA",40.057035527142475,-87.64041854979912
"Culver’s of Bolingbrook, IL","N Bolingbrook Dr, Illinois, USA",41.702331300000004,-88.0683642
"Culver’s of Bourbonnais, IL","Convent St, Illinois, USA",38.771508996507166,-88.50010799820467
"Culver’s of Bridgeview, IL","S Harlem Ave, Illinois, USA",41.79979625,-87.8021404
"Culver’s of Buffalo Grove, IL","McHenry Rd, Illinois, USA",42.15703909353424,-87.9600194575244
"Culver’s of Carbondale, IL","Reed Station Rd, Illinois, USA",37.738384494138806,-89.16133781396425
"Culver’s of Carol Stream, IL","Schmale Rd, Illinois, USA",41.89695456710843,-88.10199337259091
"Culver’s of Carpentersville, IL","Miller Rd, Illinois, USA",39.82500415190274,-89.59680564102241
"Culver’s of Champaign, IL","W Marketview Dr, Illinois, USA",40.139173502292145,-88.26094541607463
"Culver’s of Champaign, IL","S Neil St, Illinois, USA",40.114850879634766,-88.24350700652825
"Culver’s of Chicago, IL","W Irving Park Rd, Illinois, USA",41.95412225145157,-87.68577425070585
"Culver’s of Chicago, IL","S Martin Luther King Dr, Illinois, USA",40.495322900102565,-89.01985096643045
"Culver’s of Chicago, IL","Montrose Ave, Illinois, USA",41.958327071066456,-87.8745962005519
"Culver’s of Chicago, IL","Cicero Ave, Illinois, USA",41.68123918012755,-87.73914641130419
"Culver’s of Chicago, IL","Doty Avenue, Illinois, USA",41.699778296155735,-87.59463577804398
"Culver’s of Chicago, IL","W Peterson Ave, Illinois, USA",41.990685799999994,-87.6822834
"Culver’s of Chicago, IL","W Chicago Ave JPSTC, Illinois, USA",41.8950384,-87.7352141
"Culver’s of Wrigleyville, IL","W Addison St, Illinois, USA",41.94648477168647,-87.71952009057397
"Culver’s of Collinsville, IL","United Dr, Illinois, USA",38.68834749493773,-90.01469357989913
"Culver’s of Crestwood, IL","Cicero Ave, Illinois, USA",41.68123918012755,-87.73914641130419
"Culver’s of Crete, IL","Volbrecht Rd, Illinois, USA",41.58432179990324,-87.57822936528079
"Culver’s of Crystal Lake, IL","Pingree Rd, Illinois, USA",42.234232,-88.29793674999999
"Culver’s of Danville, IL","N Vermilion St, Illinois, USA",40.16734910682771,-87.63062827059727
"Culver’s of Darien, IL","Plainfield Rd, Illinois, USA",41.53213835493641,-88.09300502129035
"Culver’s of Decatur, IL","E Aldi Dr, Illinois, USA",41.11277638150325,-88.40914006083737
"Culver’s of Decatur, IL","N Water St, Illinois, USA",42.27180969548037,-89.08914163171625
"Culver’s of DeKalb, IL","W Lincoln Hwy, Illinois, USA",41.93082865868094,-88.75631018150429
"Culver’s of Dixon, IL","N Galena Ave, Illinois, USA",42.149425449999995,-88.006937
"Culver’s of Downers Grove, IL","Ogden Ave, Illinois, USA",41.71692135567732,-88.28427408890693
"Culver’s of East Peoria, IL","Camp St, Illinois, USA",42.2384246,-88.95926115
"Culver’s of Edwardsville, IL","Old Troy Rd, Illinois, USA",38.77618854414453,-89.94750849971237
"Culver’s of Effingham, IL","W Fayette Ave, Illinois, USA",39.79191084642833,-89.66766782960758
"Culver’s of Elgin, IL","McLean Blvd, Illinois, USA",42.049575587014026,-88.31344357049042
"Culver’s of Elmhurst, IL","N York St, Illinois, USA",41.924648649999995,-87.9397228
"Culver’s of Elmwood Park, IL","W Grand Ave, Illinois, USA",41.9294831629272,-87.84116674786952
"Culver’s of Evergreen Park, IL","S Kedzie Ave, Illinois, USA",41.762704602445005,-87.70275518730594
"Culver’s of Fox Lake, IL","Hwy 12, Illinois, USA",42.3899016,-88.181047
"Culver’s of Fox River Grove, IL","Northwest Hwy, Illinois, USA",42.22613964433299,-88.29510718467105
"Culver’s of Frankfort, IL","S La Grange Rd, Illinois, USA",41.55213039919494,-87.85308947192051
"Culver’s of Franklin Park, IL","Rose St, Illinois, USA",41.97016566289474,-87.86578643287213
"Culver’s of Freeport, IL","Dirck Dr, Illinois, USA",42.28263875724036,-89.6348291939328
"Culver’s of Galena, IL","Oldenburg Ln, Illinois, USA",42.436909913636285,-90.44987788140442
"Culver’s of Galesburg, IL","N Henderson St, Illinois, USA",40.95124549490254,-90.38338394952818
"Culver’s of Geneseo, IL","S Oakwood Ave, Illinois, USA",40.66883718783879,-89.64698628349139
"Culver’s of Glenview, IL","Waukegan Rd, Illinois, USA",42.3418801088372,-87.8948747
"Culver’s of Grayslake, IL","N IL Rte 83, Illinois, USA",38.86160236734694,-90.07913859183672
"Culver’s of Gurnee, IL","Nations Dr, Illinois, USA",42.384480278376394,-87.94156910431013
"Culver’s of Harvard, IL","S Division St, Illinois, USA",41.54755744443595,-88.19975668183322
"Culver’s of Harwood Heights, IL","N Harlem Ave, Illinois, USA",41.98458310065485,-87.80692678208831
"Culver’s of Hoffman Estates, IL","Hoffman Blvd, Illinois, USA",41.701709291037936,-88.24810370393551
"Culver’s of Homer Glen, IL","143rd St, Illinois, USA",41.6328981,-87.85685
"Culver’s of Homewood, IL","W 183rd St, Illinois, USA",41.55710138261463,-87.89322304130854
"Culver’s of Huntley, IL","S IL Rte 47, Illinois, USA",38.8605049375,-90.07938578125
"Culver’s of Island Lake, IL","E State Rd, Illinois, USA",41.31097347720661,-89.89570185541251
"Culver’s of Joliet, IL","IL Rte 59, Illinois, USA",41.76690392573864,-88.20572254509939
"Culver’s of Joliet, IL","S Larkin Ave, Illinois, USA",41.517027573613326,-88.12458687307007
"Culver’s of Lake in the Hills, IL","Randall Rd, Illinois, USA",42.00358980708451,-88.3360031652823
"Culver’s of Lake Zurich, IL","N Rand Rd, Illinois, USA",42.122674,-87.9953308
"Culver’s of Lansing, IL","Torrence Ave, Illinois, USA",41.511839351081704,-87.55828980456165
"Culver’s of Libertyville, IL","E Park Ave, Illinois, USA",41.74786159910401,-88.31302304428806
"Culver’s of Lincoln, IL","Woodlawn Rd, Illinois, USA",39.93007205159169,-91.36926622837863
"Culver’s of Lincolnshire, IL","Milwaukee Ave, Illinois, USA",42.0869273,-87.87012125
"Culver’s of Lockport, IL","S Farrell Rd, Illinois, USA",41.57530488559034,-88.02559800006942
"Culver’s of Lombard, IL","S Main St, Illinois, USA",39.08698659897881,-89.48714019632223
"Culver’s of Lyons, IL","Ogden Ave, Illinois, USA",41.71692135567732,-88.28427408890693
"Culver’s of Mahomet, IL","Patton Dr, Illinois, USA",42.143041560884924,-87.96823992893037
"Culver’s of Marion, IL","Blue Heron Dr, Illinois, USA",41.58245606340758,-87.8783698897006
"Culver’s of Matteson, IL","Cicero Ave, Illinois, USA",41.68123918012755,-87.73914641130419
"Culver’s of McHenry, IL","Adams Dr, Illinois, USA",41.92894014578305,-87.994688475414
"Culver’s of Minooka, IL","Ridge Rd, Illinois, USA",40.09669586273047,-88.26246660308715
"Culver’s of Moline, IL","38th Ave, Illinois, USA",41.47233372054851,-90.47996618153569
"Culver’s of Monee, IL","W Monee Manhattan Rd, Illinois, USA",41.42686965,-87.75966105
"Culver’s of Morris, IL","N Division St, Illinois, USA",41.60807643312814,-88.20219427524954
"Culver’s of Morton, IL","E Courtland St, Illinois, USA",42.26316720312773,-87.99997702861455
"Culver’s of Morton Grove, IL","W Dempster St, Illinois, USA",42.037070517252054,-87.96099689728602
"Culver’s of Mount Vernon, IL","Veterans Memorial Dr, Illinois, USA",38.299746830999496,-88.95072509975661
"Culver’s of Mt. Prospect, IL","Dempster St, Illinois, USA",42.04092254751372,-87.71044263159645
"Culver’s of Mundelein, IL","Oak Creek Plz, Illinois, USA",40.45670921529355,-88.99408076140132
"Culver’s of Naperville, IL","Naper Blvd, Illinois, USA",41.798277841454826,-88.11982905712334
"Culver’s of New Lenox, IL","E Lincoln Hwy, Illinois, USA",41.92631812588437,-88.73912098224916
"Culver’s of North Aurora, IL","S Lincolnway St, Illinois, USA",41.79043755094736,-88.32204056455045
"Culver’s of Northbrook, IL","Dundee Rd, Illinois, USA",42.13841765,-87.87607105000001
"Culver’s of Oak Forest, IL","159th St, Illinois, USA",41.600896199999994,-87.58071805
"Culver’s of Oak Lawn, IL","S Cicero Ave, Illinois, USA",41.85603274982448,-87.74443095632448
"Culver’s of O’Fallon, IL","W Hwy 50, Illinois, USA",38.58152242859541,-89.87768341495669
"Culver’s of Orland Park, IL","159th St, Illinois, USA",41.600896199999994,-87.58071805
"Culver’s of Oswego, IL","US Hwy 34, Illinois, USA",40.815394182009314,-91.07552413949172
"Culver’s of Ottawa, IL","Fairfield Ln, Illinois, USA",41.74578617329475,-88.24216887792555
"Culver’s of Palatine, IL","N Rand Rd, Illinois, USA",42.122674,-87.9953308
"Culver’s of Pekin, IL","Court St, Illinois, USA",38.518620445953296,-89.9810893981595
"Culver’s of Peoria, IL","N University St, Illinois, USA",40.69568430876025,-89.61026055785119
"Culver’s of Peoria, IL","W Holiday Dr, Illinois, USA",40.77482298290055,-89.67317611928206
"Culver’s of Peoria, IL","N Centerway Dr, Illinois, USA",40.81809539453887,-89.61457108489019
"Culver’s of Peru, IL","Midtown Rd, Illinois, USA",42.07116301013784,-89.43494489846
"Culver’s of Plainfield, IL","IL Rte 59, Illinois, USA",41.76690392573864,-88.20572254509939
"Culver’s of Plano, IL","Lakeside Rd, Illinois, USA",42.22860679504071,-88.34606924208552
"Culver’s of Princeton, IL","Ace Rd, Illinois, USA",41.39537926457109,-89.45826399596422
"Culver’s of Quincy, IL","Broadway St, Illinois, USA",41.53817098248422,-88.08507777673132
"Culver’s of Rochelle, IL","S Dement Rd, Illinois, USA",41.92880895172742,-89.03435894904736
"Culver’s of Rock Falls, IL","Harley Davidson Dr, Illinois, USA",41.3754349,-88.8247884
"Culver’s of Rockford, IL","E Riverside Blvd, Illinois, USA",42.31839449114601,-89.0220277560468
"Culver’s of Rockford, IL","Wansford Way, Illinois, USA",42.237466388100714,-89.00923104657575
"Culver’s of Rockford, IL","Benington Rd, Illinois, USA",42.318547306380594,-89.07824004114899
"Culver’s of Rockford, IL","N Phelps Ave, Illinois, USA",42.267493912891176,-89.00497727091009
"Culver’s of Romeoville, IL","N Weber Rd, Illinois, USA",41.54684865320664,-90.06829857765216
"Culver’s of Roscoe, IL","N 2nd St, Illinois, USA",38.659205829346625,-90.17013012953036
"Culver’s of Rosemont, IL","Mannheim Rd, Illinois, USA",41.97409125,-87.87791179999999
"Culver’s of Schaumburg, IL","Wise Rd, Illinois, USA",42.00359000903189,-88.12556533104197
"Culver’s of Schaumburg, IL","E Algonquin Rd, Illinois, USA",42.07051945385191,-88.05051144873916
"Culver’s of Silvis, IL","22nd Ave, Illinois, USA",42.242579174585856,-89.08393415024307
"Culver’s of Skokie, IL","N Skokie Blvd, Illinois, USA",42.0373453,-87.74726455000001
"Culver’s of South Elgin, IL","Randall Rd, Illinois, USA",42.00358980708451,-88.3360031652823
"Culver’s of Springfield, IL","N Dirksen Pkwy, Illinois, USA",39.8262926403098,-89.60491208736835
"Culver’s of Springfield, IL","Wabash Ave, Illinois, USA",39.75836659125979,-89.71768209594552
"Culver’s of St. Charles, IL","E Main St, Illinois, USA",42.15409101612162,-88.10641667139164
"Culver’s of St. Charles, IL","S Randall Rd, Illinois, USA",41.75288160397694,-88.34955390933963
"Culver’s of Sugar Grove, IL","N Sugar Grove Pkwy, Illinois, USA",41.773713427286815,-88.44372415013117
"Culver’s of Sycamore, IL","DeKalb Ave, Illinois, USA",41.985935096054156,-88.69432793263475
"Culver’s of Tinley Park, IL","Sayre Ave, Illinois, USA",41.5850597943505,-87.78914202035035
"Culver’s of Urbana, IL","W University Ave, Illinois, USA",40.116279572816026,-88.25398718618546
"Culver’s of Warrenville, IL","Illinois Rte 59, Illinois, USA",41.76690392573864,-88.20572254509939
"Culver’s of Washington, IL","N Cummings Ln, Illinois, USA",40.71319422962688,-89.44567196587845
"Culver’s of Waukegan, IL","S Waukegan Rd, Illinois, USA",42.323445086034084,-87.895478
"Culver’s of Wheaton, IL","Roosevelt Rd, Illinois, USA",41.8689956,-87.6216823
"Culver’s of Winnebago, IL","Cannell Puri Dr, Illinois, USA",42.27854666805235,-89.24299427173418
"Culver’s of Woodstock, IL","W Lake Shore Dr, Illinois, USA",39.71801783150083,-89.60593145958488
"Culver’s of Yorkville, IL","Marketview Dr, Illinois, USA",41.66301056162577,-88.44035848799967
"Culver’s of Zion, IL","Sheridan Rd, Illinois, USA",42.03303490281608,-87.67056374226878
"Culver’s of Anderson, IN","S Scatterfield Rd, Indiana, USA",40.0502487130656,-85.65280933434667
"Culver’s of Angola, IN","Wayne St, Indiana, USA",41.469356290172094,-87.06715067629567
"Culver’s of Auburn, IN","W 7th St, Indiana, USA",39.16858920382063,-86.53784657462948
"Culver’s of Avon, IN","East US Hwy 36, Indiana, USA",39.7623599,-86.3875987
"Culver’s of Bloomington, IN","W 3rd St, Indiana, USA",39.164674859312434,-86.53616056328221
"Culver’s of Brownsburg, IN","N Green St, Indiana, USA",40.042623999999996,-86.89986535000001
"Culver’s of Carmel, IN","E Carmel Dr, Indiana, USA",39.96207154734951,-86.11530320006294
"Culver’s of Cedar Lake, IN","W 133rd Ave, Indiana, USA",41.3767641802088,-87.38524092126768
"Culver’s of Chesterton, IN","Matson St, Indiana, USA",41.57851661835477,-87.04382921603269
"Culver’s of Columbia City, IN","Connexion Way, Indiana, USA",41.17131110845389,-85.5064481326205
"Culver’s of Columbus, IN","Johnson Blvd, Indiana, USA",39.199125950541564,-85.95130363181576
"Culver’s of Corydon, IN","Federal Dr, Indiana, USA",40.110500833653404,-85.60242366940071
"Culver’s of Crawfordsville, IN","S US Hwy 231, Indiana, USA",41.39146995,-87.3214261
"Culver’s of Crown Point, IN","E Summit St, Indiana, USA",41.42742003970344,-87.34708798318835
"Culver’s of Cumberland, IN","E Washington St, Indiana, USA",39.771300204220246,-86.06049877257874
"Culver’s of Daleville, IN","Walnut St, Indiana, USA",40.63933332588961,-86.57247875238676
"Culver’s of Danville, IN","CR 200 E, Indiana, USA",38.877266705619434,-86.44205800262313
"Culver’s of Elkhart, IN","Brittany Ct, Indiana, USA",38.00434105442467,-87.58100096742099
"Culver’s of Evansville, IN","Hirschland Rd, Indiana, USA",37.99263718791148,-87.4726178503703
"Culver’s of Evansville, IN","W Lloyd Expy, Indiana, USA",37.97760905,-87.6198651
"Culver’s of Fishers, IN","Olio Rd, Indiana, USA",39.998101649999995,-85.91908265000001
"Culver’s of Fort Wayne, IN","E Dupont Rd, Indiana, USA",41.178869499598534,-85.10077931049048
"Culver’s of Fort Wayne, IN","W Jefferson Blvd, Indiana, USA",41.07353957422903,-85.17050645149341
"Culver’s of Fort Wayne, IN","W Washington Center Rd, Indiana, USA",41.13259245629912,-85.14696475414705
"Culver’s of Fort Wayne, IN","Stellhorn Rd, Indiana, USA",41.1213140101979,-85.03268306268107
"Culver’s of New Haven, IN","State Rd 930, Indiana, USA",38.38686504398687,-86.10250558410576
"Culver’s of Frankfort, IN","E Wabash St, Indiana, USA",39.76911637171652,-86.15349877415613
"Culver’s of Franklin, IN","Granville Dr, Indiana, USA",40.00787938056945,-86.19504207063835
"Culver’s of Goshen, IN","Lincoln Way E, Indiana, USA",41.66318692766267,-86.12289466775694
"Culver’s of Goshen, IN","Elkhart Rd, Indiana, USA",41.609330360353745,-85.87932641256113
"Culver’s of Granger, IN","S State Rd, Indiana, USA",38.38686504398687,-86.10250558410576
"Culver’s of Greenfield, IN","N State St, Indiana, USA",40.197503253622926,-85.34402384142824
"Culver’s of Greensburg, IN","N Broadway St, Indiana, USA",39.77952999303897,-86.14641427661361
"Culver’s of Greenwood, IN","State Rd 135, Indiana, USA",38.59616583230039,-86.09967032235684
"Culver’s of Greenwood, IN","Emerson Ave, Indiana, USA",39.70585159949681,-86.08246129187094
"Culver’s of Hammond, IN","Cabela Drive, Indiana, USA",41.56925933496242,-87.47893889190954
"Culver’s of Highland, IN","Ridge Rd, Indiana, USA",39.89864886806464,-86.1491230040806
"Culver’s of Indianapolis, IN","Kentucky Ave, Indiana, USA",39.75425896845678,-86.17567546776488
"Culver’s of Indianapolis, IN","E 96th St, Indiana, USA",39.92696774925939,-86.10735384521132
"Culver’s of Indianapolis, IN","W 71st St, Indiana, USA",39.881754900000004,-86.2610048
"Culver’s of Indianapolis, IN","Rockville Rd, Indiana, USA",39.763980387237226,-86.31403897831451
"Culver’s of Indianapolis, IN","Emerson Ave, Indiana, USA",39.70585159949681,-86.08246129187094
"Culver’s of Indianapolis, IN","E 21st Street, Indiana, USA",39.79697315172613,-85.98813327133917
"Culver’s of Indianapolis, IN","Keystone Ave, Indiana, USA",39.93013845,-86.11238589999999
"Culver’s of Jasper, IN","Newton St, Indiana, USA",39.6515836330268,-86.27866542885336
"Culver’s of Jeffersonville, IN","Veterans Pkwy, Indiana, USA",38.32966515,-85.74993535
"Culver’s of Jeffersonville, IN","E 10th St, Indiana, USA",39.78128028779845,-86.12992858747855
"Culver’s of Kokomo, IN","Pipeline Way, Indiana, USA",40.43597609943128,-86.12823939581293
"Culver’s of La Porte, IN","Pine Lake Ave, Indiana, USA",41.62715289350774,-86.73781238824462
"Culver’s of Lafayette, IN","N Creasy Ln, Indiana, USA",40.42651319125874,-86.83915041378889
"Culver’s of Lawrence, IN","N Post Rd, Indiana, USA",39.80593986787483,-86.00952771832083
"Culver’s of Lebanon, IN","Lebanon St, Indiana, USA",41.65898546329947,-86.23822473666183
"Culver’s of Logansport, IN","Market St, Indiana, USA",39.663583509309206,-86.12053748295877
"Culver’s of Madison, IN","Franks Dr, Indiana, USA",38.77569279996966,-85.37659179443354
"Culver’s of Marion, IN","S Western Ave, Indiana, USA",40.48420380840455,-86.14833058679558
"Culver’s of Martinsville, IN","Prather Dr, Indiana, USA",39.413160330081844,-86.42102688397247
"Culver’s of McCordsville, IN","W Broadway, Indiana, USA",39.886988249999995,-85.93790870000001
"Culver’s of Merrillville, IN","E 79th Ave, Indiana, USA",41.47590875109578,-87.33293636906707
"Culver’s of Michigan City, IN","Frontage Rd N, Indiana, USA",39.61115892236653,-85.85995867202514
"Culver’s of Mishawaka, IN","N Main St, Indiana, USA",39.66538709740855,-86.12215847153084
"Culver’s of Mishawaka, IN","McKinley Hwy, Indiana, USA",41.68054618353118,-86.13182531405236
"Culver’s of Muncie, IN","W McGalliard Rd, Indiana, USA",40.2221172657533,-85.52522470271258
"Culver’s of New Castle, IN","Memorial Dr, Indiana, USA",39.71194563106271,-86.088430994175
"Culver’s of Newburgh, IN","High Pointe Dr, Indiana, USA",37.97950962477657,-87.4097196280326
"Culver’s of Noblesville, IN","Westfield Rd, Indiana, USA",39.8774225,-86.1372013
"Culver’s of Plainfield, IN","S Perry Rd, Indiana, USA",39.69204820398167,-86.35569226013557
"Culver’s of Plymouth, IN","Michigan St, Indiana, USA",39.77375205292144,-86.23372648907664
"Culver’s of Portage, IN","US Hwy 6, Indiana, USA",41.456667228349126,-85.47914754677551
"Culver’s of Richmond, IN","Commerce Rd, Indiana, USA",39.83582829583461,-84.82490029134603
"Culver’s of Schererville, IN","W Lincoln Hwy, Indiana, USA",41.47127560960907,-87.37837718079659
"Culver’s of Seymour, IN","Sandy Creek Dr, Indiana, USA",41.757296412251264,-86.05926661348433
"Culver’s of Shelbyville, IN","Morristown Rd, Indiana, USA",39.59541859164096,-85.75750597238738
"Culver’s of South Bend, IN","S Michigan St, Indiana, USA",41.627918400000006,-86.25107184999999
"Culver’s of South Bend, IN","SR 933, Indiana, USA",41.6817509016459,-86.2515239231168
"Culver’s of St. John, IN","Wicker Ave, Indiana, USA",41.58473866822091,-87.47136678400724
"Culver’s of Terre Haute, IN","State Road 46, Indiana, USA",39.28138709977558,-84.8695902356102
"Culver’s of Terre Haute, IN","South US HWY 41, Indiana, USA",38.3131302248227,-87.5681828387239
"Culver’s of Valparaiso, IN","Laporte Ave, Indiana, USA",41.46668990380884,-87.03620681060006
"Culver’s of Vincennes, IN","Executive Blvd, Indiana, USA",41.123287217981066,-85.16587175625396
"Culver’s of Wabash, IN","N Cass St, Indiana, USA",40.818177750000004,-85.84090155
"Culver’s of Warsaw, IN","N Parker St, Indiana, USA",37.9054505,-87.22363200000001
"Culver’s of Warsaw, IN","Jalynn St, Indiana, USA",41.270229374892246,-85.85429666491224
"Culver’s of West Lafayette, IN","Sachem Ct, Indiana, USA",40.461816714580976,-86.93589735485845
"Culver’s of Westfield, IN","Sun Park Dr, Indiana, USA",40.045829266236744,-86.1376188594522
"Culver’s of Westfield, IN","Gray Rd, Indiana, USA",39.675479437772616,-86.09675146722995
"Culver’s of Whitestown, IN","Mills Dr, Indiana, USA",39.950263566552984,-86.34717589217796
"Culver’s of Zionsville, IN","US 421 S, Indiana, USA",41.374749521330116,-86.89169567840311
"Culver’s of Altoona, IA","Adventureland Dr, Iowa, USA",41.65853094012785,-93.50018548824025
"Culver’s of Ames, IA","Gilchrist St, Iowa, USA",42.02368888970105,-93.61618872036215
"Culver’s of Ankeny, IA","SE Delaware Ave, Iowa, USA",41.687207205155325,-93.58139297595385
"Culver’s of Ankeny, IA","NW 36th St, Iowa, USA",41.76077621997402,-93.63554857880482
"Culver’s of Bettendorf, IA","Spruce Hills Dr, Iowa, USA",41.555007032117,-90.52592872078523
"Culver’s of Burlington, IA","Lawrence Dr, Iowa, USA",40.79857117758535,-91.14008017199679
"Culver’s of Carroll, IA","W US Hwy 30, Iowa, USA",42.022767200000004,-93.46433905
"Culver’s of Cedar Falls, IA","Viking Plaza Dr, Iowa, USA",42.48298255990814,-92.4441617497918
"Culver’s of Cedar Rapids, IA","Edgewood Rd SW, Iowa, USA",41.9538547084931,-91.71601324057126
"Culver’s of Clear Lake, IA","N 25th St, Iowa, USA",41.27643052270421,-95.8817335171442
"Culver’s of Clinton, IA","Lincoln Way, Iowa, USA",42.452694840077584,-96.35190052720014
"Culver’s of Coralville, IA","Heartland Pl, Iowa, USA",41.69892034371609,-91.61001757436661
"Culver’s of Council Bluffs, IA","S 24th St, Iowa, USA",41.22396484713754,-95.8791182084147
"Culver’s of Davenport, IA","Jersey Ridge Rd, Iowa, USA",41.603781199067775,-90.53939800678897
"Culver’s of Davenport, IA","W Kimberly Rd, Iowa, USA",41.58706212656995,-90.66899220396093
"Culver’s of Decorah, IA","Short St, Iowa, USA",42.50677629001693,-90.73735429546798
"Culver’s of Des Moines, IA","SE 14th St, Iowa, USA",41.58773273699471,-93.59678373440026
"Culver’s of Dubuque, IA","Asbury Rd, Iowa, USA",42.50137899814989,-90.69725180804991
"Culver’s of Fort Dodge, IA","5th Ave S, Iowa, USA",41.84126113524843,-90.1848697591899
"Culver’s of Grimes, IA","1st St, Iowa, USA",43.04256361801206,-91.17816695077045
"Culver’s of Hiawatha, IA","N Center Point Rd, Iowa, USA",42.058273914103324,-91.69236242130053
"Culver’s of Iowa City, IA","Hwy 1 W, Iowa, USA",41.63308635,-91.56859105
"Culver’s of Marion, IA","Red Fox Way, Iowa, USA",42.04025671303213,-91.55168934050046
"Culver’s of Marshalltown, IA","Iowa Ave W, Iowa, USA",42.00723396317991,-92.9269190619841
"Culver’s of Mason City, IA","S Monroe Ave, Iowa, USA",43.13888644431659,-93.2092411450151
"Culver’s of Muscatine, IA","University Dr, Iowa, USA",42.50873352511819,-92.46945823064038
"Culver’s of Newton, IA","W 19th St S, Iowa, USA",41.68576793570786,-93.0785141703495
"Culver’s of Ottumwa, IA","Venture Dr, Iowa, USA",41.01571600565366,-92.45281631419566
"Culver’s of Pella, IA","Washington St, Iowa, USA",41.65982115,-91.49675611418459
"Culver’s of Sioux Center, IA","S Main Ave, Iowa, USA",43.0683977770012,-96.1754305772055
"Culver’s of Sioux City, IA","Singing Hills Blvd, Iowa, USA",42.4353439,-96.36896615
"Culver’s of Sioux City, IA","Hamilton Blvd, Iowa, USA",42.52055785,-96.41790710000001
"Culver’s of Urbandale, IA","Plum Dr, Iowa, USA",41.648397100000004,-93.73645485
"Culver’s of Waterloo, IA","E Tower Park Dr, Iowa, USA",42.45638947492169,-92.35426410053294
"Culver’s of Waukee, IA","E Hickman Rd, Iowa, USA",41.6149082975779,-93.7025723653331
"Culver’s of West Des Moines, IA","Jordan Creek Pkwy, Iowa, USA",41.598812099272,-93.80884155865121
"Culver’s of West Des Moines, IA","22nd St, Iowa, USA",41.60864835413804,-93.64687488871367
"Culver’s of Gardner, KS","Gardner Rd, Kansas, USA",38.78984703313888,-94.92745836748465
"Culver’s of Kansas City, KS","Prairie Crossing, Kansas, USA",38.819569200000004,-94.9349002812285
"Culver’s of Lawrence, KS","W 33rd St, Kansas, USA",38.92457283843308,-95.25410255354768
"Culver’s of Leavenworth, KS","Eisenhower Rd, Kansas, USA",39.25653128894832,-95.00909907661797
"Culver’s of Lenexa, KS","87th St Pkwy, Kansas, USA",38.971218819688474,-94.71999014017692
"Culver’s of Manhattan, KS","McCall Rd, Kansas, USA",39.18935138196961,-96.55752630151517
"Culver’s of Mission, KS","Metcalf Ave, Kansas, USA",38.98730250432771,-94.66771170162788
"Culver’s of Olathe, KS","W 151st St, Kansas, USA",38.854851179508884,-94.6101243385862
"Culver’s of Olathe, KS","S Mur-Len Rd, Kansas, USA",38.87783038514114,-94.77955205462206
"Culver’s of Overland Park, KS","W 135th St, Kansas, USA",38.88332363928073,-94.60578995471005
"Culver’s of Topeka, KS","Wanamaker Rd, Kansas, USA",39.03358376795239,-95.76206676070947
"Culver’s of Wichita, KS","N Maize Rd, Kansas, USA",37.715930576564745,-97.462676
"Culver’s of Bowling Green, KY","Scottsville Rd, Kentucky, USA",36.93576182133934,-86.41878327346721
"Culver’s of Elizabethtown, KY","N Mulberry St, Kentucky, USA",38.2113492166272,-84.556721794311
"Culver’s of Elizabethtown, KY","Dixie Ave, Kentucky, USA",37.33765750421619,-85.33352442380809
"Culver’s of Florence, KY","Hwy 42, Kentucky, USA",38.536932457851016,-85.3285095927123
"Culver’s of Georgetown, KY","Cherry Blossom Way, Kentucky, USA",38.11168388340679,-84.52256771648426
"Culver’s of Lexington, KY","Hamburg Place, Kentucky, USA",38.0375165,-84.42570366833625
"Culver’s of Lexington, KY","Meijer Way, Kentucky, USA",37.99469327061889,-84.53170326521517
"Culver’s of Louisville, KY","S Hurstbourne Pkwy, Kentucky, USA",38.16339308347138,-85.63705896528622
"Culver’s of Louisville, KY","Interchange Dr, Kentucky, USA",38.09574269430989,-85.67454679812823
"Culver’s of Murray, KY","N 12th St, Kentucky, USA",38.25873515675651,-85.76964719438456
"Culver’s of Nicholasville, KY","N Main St, Kentucky, USA",37.434743815695754,-86.885797176122
"Culver’s of Owensboro, KY","Highland Pointe Dr, Kentucky, USA",37.75500422497366,-87.06845269957702
"Culver’s of Paducah, KY","Old Hwy 60 W, Kentucky, USA",37.9190269935817,-86.79599287347642
"Culver’s of Richmond, KY","Lantern Ridge Dr, Kentucky, USA",37.73758419461261,-84.32740710687872
"Culver’s of Simpsonville, KY","Buck Creek Rd, Kentucky, USA",36.6563416693934,-84.10781710014192
"Culver’s of Somerset, KY","S Hwy 27, Kentucky, USA",38.394285047309765,-85.58759830448768
"Culver’s of Adrian, MI","S Main St, Michigan, USA",42.2700043,-85.0614807
"Culver’s of Allen Park, MI","Southfield Rd, Michigan, USA",42.37151212444733,-83.21704265122709
"Culver’s of Allendale, MI","Lake Michigan Dr, Michigan, USA",42.972267897329296,-85.95493584662212
"Culver’s of Alma, MI","N Alger Rd, Michigan, USA",43.424501649112806,-84.66664099363194
"Culver’s of Alpena, MI","M 32 W, Michigan, USA",45.0675484266787,-83.67348760109596
"Culver’s of Ann Arbor, MI","Jackson Rd, Michigan, USA",42.28521201324026,-83.8005022553715
"Culver’s of Ann Arbor, MI","Lohr Rd, Michigan, USA",42.16693831296569,-83.51541085573916
"Culver’s of Battle Creek, MI","Beckley Rd, Michigan, USA",42.281059606995974,-85.6484978077118
"Culver’s of Bay City, MI","Wilder Rd, Michigan, USA",43.623770297790735,-83.9075998766001
"Culver’s of Belleville, MI","Belleville Rd, Michigan, USA",42.255425749876736,-83.48658175839942
"Culver’s of Big Rapids, MI","Waldron Way, Michigan, USA",43.689052221126964,-85.51820920843022
"Culver’s of Birch Run, MI","Main St, Michigan, USA",42.1122636,-86.47797845
"Culver’s of Brighton, MI","Green Oak Village, Michigan, USA",42.5034481,-83.7591289
"Culver’s of Byron Center, MI","84th Street, Michigan, USA",43.402340836358015,-85.75071389527852
"Culver’s of Cadillac, MI","E 34 Rd, Michigan, USA",44.28112794557761,-85.45897671239653
"Culver’s of Caledonia, MI","Broadmoor Ave, Michigan, USA",42.87661735419994,-85.5595358447711
"Culver’s of Canton, MI","Ford Rd, Michigan, USA",42.329377177984036,-83.18164782789579
"Culver’s of Cedar Springs, MI","White Creek Ave, Michigan, USA",43.197726440878135,-85.57097185147566
"Culver’s of Charlevoix, MI","Bridge St, Michigan, USA",42.29916599539827,-85.56718097354573
"Culver’s of Charlotte, MI","Lansing St, Michigan, USA",42.31610621326579,-83.0960787139241
"Culver’s of Chelsea, MI","S Main St, Michigan, USA",42.2700043,-85.0614807
"Culver’s of Chesterfield, MI","Marketplace Blvd, Michigan, USA",42.63449424887906,-82.854493216866
"Culver’s of Clare, MI","South Clare Ave, Michigan, USA",43.85137227948574,-84.76814821487164
"Culver’s of Clarkston, MI","Sashabaw Rd, Michigan, USA",42.69494122368222,-83.3728952219578
"Culver’s of Clawson, MI","W Maple Rd, Michigan, USA",42.54579132244965,-83.24645070052824
"Culver’s of Coldwater, MI","E Chicago St, Michigan, USA",41.82494753476642,-86.35968422657504
"Culver’s of Commerce Charter Twp, MI","Haggerty Rd, Michigan, USA",42.4908635,-83.4359891
"Culver’s of Comstock Park, MI","Alpine Ave, Michigan, USA",42.812912193510975,-86.02507980023692
"Culver’s of Davison, MI","Court St, Michigan, USA",43.012370723528285,-83.68827479385642
"Culver’s of Dewitt, MI","Herbison Rd, Michigan, USA",42.827560645303926,-84.50069179003918
"Culver’s of Escanaba, MI","N Lincoln Rd, Michigan, USA",43.781294023995954,-84.80805216856784
"Culver’s of Fenton, MI","Owen Rd, Michigan, USA",43.58453878516472,-83.67582561561218
"Culver’s of Flint, MI","Miller Rd, Michigan, USA",42.294120696371046,-83.14351155150587
"Culver’s of Fort Gratiot, MI","24th Ave, Michigan, USA",42.92897282212937,-85.8424228951009
"Culver’s of Gaylord, MI","W Main St, Michigan, USA",42.7255319990758,-84.56031491657136
"Culver’s of Grand Blanc, MI","Holly Rd, Michigan, USA",46.050119082864136,-87.2719342064123
"Culver’s of Grand Haven, MI","A Way, Michigan, USA",43.067790272632294,-86.22071271546996
"Culver’s of Grand Rapids, MI","Cascade, Michigan, USA",42.9121592,-85.497926
"Culver’s of Grand Rapids, MI","E Beltline SE, Michigan, USA",42.92055043847638,-85.58396100669323
"Culver’s of Greenville, MI","W Washington St, Michigan, USA",42.28063006300949,-83.75285564641406
"Culver’s of Hartland, MI","Highland Rd, Michigan, USA",42.27759612423766,-83.720248040198
"Culver’s of Hastings, MI","Green St, Michigan, USA",42.30361845,-83.1139148
"Culver’s of Holland, MI","W Shore Dr, Michigan, USA",41.7913822,-86.76319480000001
"Culver’s of Houghton, MI","W Sharon Ave, Michigan, USA",47.11123813671618,-88.59878296425217
"Culver’s of Howell, MI","E Grand River Ave, Michigan, USA",42.334321622399074,-83.04818169733137
"Culver’s of Hudsonville, MI","32nd Ave, Michigan, USA",43.155487312095346,-85.86924818961384
"Culver’s of Ionia, MI","State Rd, Michigan, USA",43.02508088653792,-82.49535294696736
"Culver’s of Iron Mountain, MI","S Stephenson Ave, Michigan, USA",45.80967874848622,-88.03833752268189
"Culver’s of Jackson, MI","O’Neill Dr, Michigan, USA",42.2662377,-84.4551227
"Culver’s of Jenison, MI","Cottonwood Dr, Michigan, USA",43.133576053515135,-86.16137562213075
"Culver’s of Kalamazoo, MI","S 9th St, Michigan, USA",43.42782487455125,-83.92414967977315
"Culver’s of Kalamazoo, MI","Gull Rd, Michigan, USA",42.31017505607228,-85.54985068029153
"Culver’s of Lake Orion, MI","Interpark Dr N, Michigan, USA",42.705670286010665,-83.24119746816413
"Culver’s of Lansing, MI","W Saginaw Hwy, Michigan, USA",42.741124726798255,-84.96549282513786
"Culver’s of Lansing, MI","Towne Centre Blvd, Michigan, USA",42.76692045365567,-84.51767182348541
"Culver’s of Lansing, MI","S Pennsylvania Ave, Michigan, USA",42.71866754043413,-84.53808755843498
"Culver’s of Lapeer, MI","Baldwin Rd, Michigan, USA",42.54882353650664,-83.22404526607325
"Culver’s of Livonia, MI","Middlebelt Rd, Michigan, USA",42.4580520680176,-83.3371134607473
"Culver’s of Lowell, MI","W Main St, Michigan, USA",42.7255319990758,-84.56031491657136
"Culver’s of Ludington, MI","W US 10, Michigan, USA",42.6040685,-83.26663985330723
"Culver’s of Madison Heights, MI","W Twelve Mile Rd, Michigan, USA",46.33382975114844,-84.42459313856375
"Culver’s of Manistee Twp, MI","Parkdale Ave, Michigan, USA",42.714492439575835,-84.53444416541085
"Culver’s of Marquette, MI","US Hwy 41 W, Michigan, USA",46.50947790941425,-87.60627520829058
"Culver’s of Midland, MI","Eastman Ave, Michigan, USA",43.658665349629366,-84.24717277269168
"Culver’s of Monroe, MI","Telegraph Rd, Michigan, USA",42.368013079667705,-83.27577862593016
"Culver’s of Mt. Pleasant, MI","E Pickard St, Michigan, USA",43.61183679286823,-84.76280755193534
"Culver’s of Muskegon, MI","Independence Drive, Michigan, USA",42.494797489321336,-83.26005674932378
"Culver’s of Muskegon, MI","N Getty St, Michigan, USA",43.23783335744761,-86.22412270130627
"Culver’s of Niles, MI","S 11th St, Michigan, USA",43.42520381039613,-83.92180975792549
"Culver’s of Okemos, MI","Times Square Dr, Michigan, USA",42.67387866701733,-82.98332618579644
"Culver’s of Okemos, MI","Okemos Rd, Michigan, USA",42.681479718910666,-84.43275463390006
"Culver’s of Orion Twp, MI","Grand Ave, Michigan, USA",42.291686335463446,-85.60689358839487
"Culver’s of Otsego, MI","Allegan St, Michigan, USA",43.41589575603752,-83.98925076390785
"Culver’s of Owosso, MI","E Main St, Michigan, USA",42.725762482870564,-84.53294424755782
"Culver’s of Oxford, MI","Lapeer Rd, Michigan, USA",43.009981189775246,-83.6395217385765
"Culver’s of Petoskey, MI","US 31, Michigan, USA",43.70759665,-86.355934
"Culver’s of Portage, MI","S Westnedge Ave, Michigan, USA",42.29013377462784,-85.58970471457882
"Culver’s of Rochester Hills, MI","E Auburn Rd, Michigan, USA",42.638722048123654,-83.09251545184678
"Culver’s of Rockford, MI","10 Mile Road, Michigan, USA",42.47485948377962,-83.15842946138561
"Culver’s of Roseville, MI","Little Mack Ave, Michigan, USA",42.50006765006587,-82.90786542369493
"Culver’s of Saginaw, MI","Bay Rd, Michigan, USA",41.73368580757887,-83.46184334011821
"Culver’s of Saginaw, MI","Gratiot Rd, Michigan, USA",43.415617600000004,-84.04436014999999
"Culver’s of Shelby Township, MI","23 Mile Rd, Michigan, USA",42.67153840615447,-82.95483497354537
"Culver’s of South Haven, MI","CR 388, Michigan, USA",45.708654569001276,-87.66366688619348
"Culver’s of South Lyon, MI","Pontiac Trail, Michigan, USA",42.317940770810424,-83.73469383931966
"Culver’s of Sterling Heights, MI","Van Dyke Ave, Michigan, USA",42.449095342894395,-83.02488377878983
"Culver’s of Stevensville, MI","Red Arrow Hwy, Michigan, USA",41.815145371750894,-86.70787766276871
"Culver’s of Sturgis, MI","S Centerville Rd, Michigan, USA",41.77888828264195,-85.42819132828632
"Culver’s of Taylor, MI","Racho Rd, Michigan, USA",42.19067536886395,-83.2478608203202
"Culver’s of Three Rivers, MI","S US 131, Michigan, USA",42.54522755,-83.2491988990503
"Culver’s of Traverse City, MI","US Hwy 31 S, Michigan, USA",42.756021309452855,-86.11636095512402
"Culver’s of Traverse City, MI","Munson Ave, Michigan, USA",44.76153354361093,-85.58384160179732
"Culver’s of Walker, MI","Wilson Ave, Michigan, USA",42.765020955824525,-84.58778279215159
"Culver’s of Washington Twp, MI","Van Dyke Ave, Michigan, USA",42.449095342894395,-83.02488377878983
"Culver’s of Waterford, MI","Highland Rd, Michigan, USA",42.27759612423766,-83.720248040198
"Culver’s of Wayland, MI","Superior St, Michigan, USA",42.360511204546974,-83.03529101553367
"Culver’s of West Branch, MI","Cook Rd, Michigan, USA",43.62786324341266,-84.26683126938838
"Culver’s of Westland, MI","Newburgh Rd, Michigan, USA",42.4123104070425,-83.41345688886791
"Culver’s of Whitehall, MI","3141 Colby St, Michigan, USA",43.40856435,-86.3205071878563
"Culver’s of Wixom, MI","Alpha Dr, Michigan, USA",42.43975447929557,-85.03021211286183
"Culver’s of Woodhaven, MI","Allen Rd, Michigan, USA",42.2874005116446,-83.18300451398179
"Culver’s of Wyoming, MI","54th St, Michigan, USA",42.670511692984896,-86.07438553987315
"Culver’s of Albertville, MN","61st St NE, Minnesota, USA",45.23858381895958,-93.54652183686757
"Culver’s of Alexandria, MN","50th Ave, Minnesota, USA",45.588536500000004,-94.21181804999999
"Culver’s of Anoka, MN","W Main St, Minnesota, USA",43.6478951382417,-93.37308917949133
"Culver’s of Apple Valley, MN","Galaxie Ave, Minnesota, USA",44.78268417640043,-93.20265949535657
"Culver’s of Austin, MN","8th St NW, Minnesota, USA",44.033848388910144,-92.52861146396577
"Culver’s of Baxter, MN","Dellwood Dr, Minnesota, USA",45.08420815808997,-93.24119508983351
"Culver’s of Bemidji, MN","Paul Bunyan Dr NW, Minnesota, USA",47.49702697330546,-94.91659417018217
"Culver’s of Blaine, MN","Baltimore St NE, Minnesota, USA",45.15610434922418,-93.23352974318088
"Culver’s of Blaine, MN","108th Ave, Minnesota, USA",45.47420318498889,-93.93692774715281
"Culver’s of Bloomington, MN","Nicollet Ave, Minnesota, USA",44.950865700371004,-93.27791463011602
"Culver’s of Brooklyn Center, MN","Brooklyn Blvd, Minnesota, USA",45.0891112,-93.347906
"Culver’s of Buffalo, MN","Hwy 55 E, Minnesota, USA",45.0315841,-93.5075676
"Culver’s of Cambridge, MN","Opportunity Blvd N, Minnesota, USA",45.573982441750815,-93.2037936164515
"Culver’s of Champlin, MN","Commerce Dr N, Minnesota, USA",45.157543877645736,-93.39317192467931
"Culver’s of Chanhassen, MN","Pond Promenade, Minnesota, USA",44.85696750215,-93.5330267579941
"Culver’s of Chaska, MN","Pioneer Trl, Minnesota, USA",44.8189868,-93.39918085
"Culver’s of Coon Rapids, MN","Coon Rapids Blvd, Minnesota, USA",45.1445438,-93.2824588
"Culver’s of Cottage Grove, MN","Hardwood Ave S, Minnesota, USA",44.850174233961035,-92.95967673405718
"Culver’s of Delano, MN","St. Peter Ave E, Minnesota, USA",45.03702190875922,-93.7849561084126
"Culver’s of Duluth, MN","Mall Dr, Minnesota, USA",46.80143610864118,-92.15721214629055
"Culver’s of Eagan, MN","O’Leary Ln, Minnesota, USA",44.832301,-93.1511834
"Culver’s of Eden Prairie, MN","Prairie Center Dr, Minnesota, USA",44.857194873750785,-93.43578040047879
"Culver’s of Elk River, MN","Evans St NW, Minnesota, USA",45.325467110635,-93.56082377477668
"Culver’s of Forest Lake, MN","W Broadway Ave, Minnesota, USA",44.999971187254964,-93.30395338145111
"Culver’s of Golden Valley, MN","7th Ave N, Minnesota, USA",44.986614579062625,-93.27778362962407
"Culver’s of Grand Rapids, MN","S Pokegama Ave, Minnesota, USA",47.217116716348315,-93.52875334804729
"Culver’s of Hastings, MN","Market Blvd, Minnesota, USA",44.73722741233041,-92.8920342085773
"Culver’s of Hutchinson, MN","Montreal St, Minnesota, USA",44.8668032945255,-94.37386368065215
"Culver’s of Lakeville, MN","Kenwood Trl, Minnesota, USA",44.69016615366813,-93.28233489455143
"Culver’s of Lino Lakes, MN","Otter Lake Rd, Minnesota, USA",45.080372907897804,-93.03576940196405
"Culver’s of Little Canada, MN","Rice St, Minnesota, USA",44.9846748,-93.1056473
"Culver’s of Mankato, MN","Madison Ave, Minnesota, USA",46.81832722325542,-92.11899280745202
"Culver’s of Maple Grove, MN","96th Ave N, Minnesota, USA",45.13127279464737,-93.35532872564177
"Culver’s of Marshall, MN","Susan Dr, Minnesota, USA",44.930829929382476,-93.50466294962294
"Culver’s of Minnetonka, MN","Hwy 7, Minnesota, USA",44.9070685,-93.5338201
"Culver’s of Monticello, MN","State Hwy 25 NE, Minnesota, USA",45.2870271,-93.8057747
"Culver’s of North Mankato, MN","Commerce Dr, Minnesota, USA",44.941735949999995,-92.9034403
"Culver’s of Northfield, MN","Hwy 3 S, Minnesota, USA",47.06791447954471,-91.62694017479897
"Culver’s of Owatonna, MN","W Frontage Rd, Minnesota, USA",44.897221112848406,-93.35046512377735
"Culver’s of Plymouth, MN","Quinwood Ln, Minnesota, USA",45.0645856,-93.4408402
"Culver’s of Plymouth, MN","Peony Ln, Minnesota, USA",46.6181224400473,-94.1868086140809
"Culver’s of Princeton, MN","19th Ave N, Minnesota, USA",45.56601889987219,-94.17961457798813
"Culver’s of Prior Lake, MN","Credit River Rd, Minnesota, USA",44.70841932498612,-93.41040489815312
"Culver’s of Red Wing, MN","Tyler Rd, Minnesota, USA",44.56838755,-92.58498205000001
"Culver’s of Rochester, MN","55th St NW, Minnesota, USA",44.07971723506195,-92.5074720497395
"Culver’s of Rochester, MN","28th St SE, Minnesota, USA",43.98179517651343,-92.3958881999175
"Culver’s of Rogers, MN","Northdale Blvd, Minnesota, USA",45.2077052,-93.3579946
"Culver’s of Rosemount, MN","S Robert Trl, Minnesota, USA",44.80897280362564,-93.10133911341957
"Culver’s of Savage, MN","Hwy 13 W, Minnesota, USA",44.7759666,-93.3181228
"Culver’s of Shakopee, MN","12th Ave E, Minnesota, USA",47.40390037494559,-92.92606933778795
"Culver’s of St. Anthony, MN","Silver Lake Rd, Minnesota, USA",45.0675514,-93.2190411
"Culver’s of St. Paul, MN","Old Hudson Rd, Minnesota, USA",44.95295396545414,-93.03241703581817
"Culver’s of St. Paul, MN","University Ave W, Minnesota, USA",44.96540025,-93.2015463
"Culver’s of St. Cloud, MN","Hwy 10 S, Minnesota, USA",45.56099715079906,-94.13384905929728
"Culver’s of Stillwater, MN","Market Dr, Minnesota, USA",45.040223267924155,-92.84083995652496
"Culver’s of Two Harbors, MN","Hwy 61, Minnesota, USA",47.24583561530161,-91.33213855307707
"Culver’s of Vadnais Heights, MN","Centerville Rd, Minnesota, USA",45.0267603,-93.0878656
"Culver’s of Waconia, MN","Hwy 5, Minnesota, USA",47.514479838146244,-92.94783373868648
"Culver’s of Waite Park, MN","2nd St S, Minnesota, USA",44.98242952412581,-93.26657146078531
"Culver’s of Navarre, MN","Shoreline Dr, Minnesota, USA",44.853468051126185,-93.49326097959036
"Culver’s of West St. Paul, MN","Marie Ave E, Minnesota, USA",44.892116932472966,-93.07537725807197
"Culver’s of White Bear Lake, MN","White Bear Ave, Minnesota, USA",45.023644797307455,-93.01822806705356
"Culver’s of Willmar, MN","19th Ave SE, Minnesota, USA",44.000071017703846,-92.43881823785922
"Culver’s of Winona, MN","Service Dr, Minnesota, USA",43.664810700000004,-96.21229745
"Culver’s of Woodbury, MN","Woodbury Dr, Minnesota, USA",44.87169475313416,-92.90318533297778
"Culver’s of Arnold, MO","Richardson Crossing, Missouri, USA",38.4130931165419,-90.38435968988527
"Culver’s of Blue Springs, MO","SW State Hwy 7, Missouri, USA",39.0041444,-94.273441
"Culver’s of Branson, MO","State Hwy 248, Missouri, USA",36.6632739,-93.2382117
"Culver’s of Camdenton, MO","E Hwy 54, Missouri, USA",38.0161507,-92.734412
"Culver’s of Cape Girardeau, MO","N Kingshighway, Missouri, USA",37.31297441306596,-89.55247233454585
"Culver’s of Chesterfield, MO","Chesterfield Airport Rd, Missouri, USA",38.66830713367145,-90.61323751508941
"Culver’s of Columbia, MO","Broadway Bluffs Dr, Missouri, USA",38.9473622,-92.3005441
"Culver’s of Columbia, MO","Bernadette Dr, Missouri, USA",38.96604058051074,-92.37583306400809
"Culver’s of Crystal City, MO","Truman Blvd, Missouri, USA",37.03868557095472,-93.31005355099192
"Culver’s of Ellisville, MO","Manchester Rd, Missouri, USA",39.7901053032219,-94.83662477797704
"Culver’s of Eureka, MO","Meramec Blvd, Missouri, USA",38.518374004687864,-90.64060998147481
"Culver’s of Farmington, MO","W Karsch Blvd, Missouri, USA",37.79124891986356,-90.43323095011053
"Culver’s of Fenton, MO","Bowles Ave, Missouri, USA",38.52682969999999,-90.47371290000001
"Culver’s of Florissant, MO","N Hwy 67, Missouri, USA",38.79801968223157,-90.32128160515182
"Culver’s of Grain Valley, MO","Buckner Tarsney Rd, Missouri, USA",39.175882421243415,-94.19863126832664
"Culver’s of Harrisonville, MO","N Rte 291, Missouri, USA",38.664091,-94.3666702
"Culver’s of Independence, MO","S Little Blue Pkwy, Missouri, USA",39.034023912271444,-94.34657134853929
"Culver’s of Jefferson City, MO","Jefferson St, Missouri, USA",38.98584169515079,-94.59763656295765
"Culver’s of Kansas City, MO","State Line Rd, Missouri, USA",38.99020015,-94.6079881
"Culver’s of Kansas City, MO","NW 64th St, Missouri, USA",39.21041078114557,-94.63089072178563
"Culver’s of Kansas City, MO","N Oak Trafficway, Missouri, USA",39.15539121976813,-94.57708593643758
"Culver’s of Lee’s Summit, MO","NE Douglas St, Missouri, USA",38.91593285877943,-94.37859358222211
"Culver’s of Lee’s Summit, MO","Oldham Pkwy, Missouri, USA",38.89681553920479,-94.292794935641
"Culver’s of Liberty, MO","W Kansas St, Missouri, USA",39.24437818132877,-94.44383307798059
"Culver’s of Manchester, MO","Manchester Rd, Missouri, USA",39.7901053032219,-94.83662477797704
"Culver’s of O’Fallon, MO","Hwy K, Missouri, USA",38.30020346306095,-90.94109483853964
"Culver’s of O’Fallon, MO","Mexico Rd, Missouri, USA",38.79274467984859,-90.59538725065377
"Culver’s of Osage Beach, MO","Osage Beach Pkwy, Missouri, USA",38.1561278,-92.6056025
"Culver’s of Ozark, MO","N 21st St, Missouri, USA",38.65621812743975,-90.20245981056296
"Culver’s of Platte City, MO","Prairie View Rd, Missouri, USA",39.35631046804628,-94.76662826035808
"Culver’s of Raymore, MO","W Foxwood Dr, Missouri, USA",38.812191576793275,-94.47827096827587
"Culver’s of Republic, MO","E US-60, Missouri, USA",38.5836834,-90.6109823
"Culver’s of Springfield, MO","E Primrose St, Missouri, USA",37.147134307631035,-93.26886073334374
"Culver’s of Springfield, MO","N Glenstone Ave, Missouri, USA",37.25789044897968,-93.26496877086046
"Culver’s of Springfield, MO","E Sunshine St, Missouri, USA",37.180904416692755,-93.24422393604382
"Culver’s of St. Charles, MO","Muegge Rd, Missouri, USA",38.765302752443056,-90.54396822796272
"Culver’s of St. Joseph, MO","N Belt Hwy, Missouri, USA",39.81613729156478,-94.81524017378946
"Culver’s of St. Louis, MO","Rusty Rd, Missouri, USA",37.40089113780542,-92.9046285246144
"Culver’s of Crestwood, MO","Big Bend Blvd, Missouri, USA",38.5819815876974,-90.36000408586646
"Culver’s of St. Robert, MO","Town Center Blvd, Missouri, USA",37.814509910961334,-92.1444022425364
"Culver’s of Warrensburg, MO","Simpson Dr, Missouri, USA",38.103616,-93.0500925
"Culver’s of Webb City, MO","S Madison St, Missouri, USA",39.42168064100886,-93.12984810060705
"Culver’s of Wentzville, MO","Wentzville Pkwy, Missouri, USA",38.82501048121319,-90.86288873113698
"Culver’s of Bellevue, NE","Raynor Pkwy, Nebraska, USA",41.147399001434266,-95.9732613763656
"Culver’s of Grand Island, NE","Hwy 281, Nebraska, USA",40.95513411226779,-98.3843221623661
"Culver’s of Gretna, NE","191st St, Nebraska, USA",41.29689043242881,-96.21451241990758
"Culver’s of Kearney, NE","2nd Ave, Nebraska, USA",40.68834148630164,-99.08458487819517
"Culver’s of La Vista, NE","Giles Rd, Nebraska, USA",41.18799579417281,-96.11009397064619
"Culver’s of Lincoln, NE","Old Cheney Rd, Nebraska, USA",40.75532896946255,-96.62268607027505
"Culver’s of Lincoln, NE","Pioneer Woods Dr, Nebraska, USA",40.770235462544385,-96.6220973626063
"Culver’s of Lincoln, NE","N 27th St, Nebraska, USA",41.3301929,-95.95319515
"Culver’s of Norfolk, NE","S 20th St, Nebraska, USA",41.2264633,-95.94224615
"Culver’s of Omaha, NE","Miami St, Nebraska, USA",41.283594204993996,-96.14559703140523
"Culver’s of Omaha, NE","Q Street, Nebraska, USA",41.2053801524626,-96.09187574838884
"Culver’s of Omaha, NE","17202 Evans St, Nebraska, USA",41.291163290400505,-96.1837124431451
"Culver’s of Scottsbluff, NE","Ave B, Nebraska, USA",40.68819176063943,-99.07922035986414
"Culver’s of Apex, NC","Kelly Rd, North Carolina, USA",34.17241392488314,-77.86874787725202
"Culver’s of Arden, NC","Airport Rd, North Carolina, USA",35.89490688419982,-78.81917604898221
"Culver’s of Belmont, NC","Hawley Ave, North Carolina, USA",35.255644655420475,-81.0324738907968
"Culver’s of Burlington, NC","University Dr, North Carolina, USA",35.181764916140054,-80.86894549145913
"Culver’s of Charlotte, NC","University City Blvd, North Carolina, USA",35.2867769,-80.760866
"Culver’s of Clayton, NC","US Hwy 70 W, North Carolina, USA",35.660700360034554,-82.12437077644462
"Culver’s of Fuquay-Varina, NC","Cinema Dr, North Carolina, USA",34.239170600036516,-77.89236152069934
"Culver’s of Hickory, NC","13th Ave Dr SE, North Carolina, USA",35.70644107510433,-81.29629010914846
"Culver’s of Hope Mills, NC","Camden Rd, North Carolina, USA",35.21268839632979,-80.85873558451691
"Culver’s of Indian Trail, NC","Old Charlotte Hwy, North Carolina, USA",35.57056779457157,-82.50132977033289
"Culver’s of Kannapolis, NC","Dale Earnhardt Blvd, North Carolina, USA",35.46714529405208,-80.58902934357371
"Culver’s of Kernersville, NC","Union Cross Rd, North Carolina, USA",36.05059309981269,-80.11714502538601
"Culver’s of Mooresville, NC","Talbert Rd, North Carolina, USA",35.58608200533462,-80.85051358641307
"Culver’s of Salisbury, NC","Jake Alexander Blvd, North Carolina, USA",35.64372795686154,-80.48359846629869
"Culver’s of Wake Forest, NC","Rogers Rd, North Carolina, USA",35.76715815328864,-80.25351882393082
"Culver’s of Wendell, NC","Taylor Rd, North Carolina, USA",35.717775,-79.16903450000001
"Culver’s of Wilson, NC","Raleigh Road Pkwy, North Carolina, USA",35.74032002857,-77.95992061502926
"Culver’s of Winston-Salem, NC","Fairlawn Dr, North Carolina, USA",35.89126551354124,-78.67587279221661
"Culver’s of Bismarck, ND","Skyline Crossing, North Dakota, USA",46.8546737,-100.7711898
"Culver’s of Fargo, ND","13th Ave SW, North Dakota, USA",48.22325985033063,-101.30121592756589
"Culver’s of Fargo, ND","25th St S, North Dakota, USA",46.864211657318364,-96.81955381255212
"Culver’s of Grand Forks, ND","32nd Ave S, North Dakota, USA",47.88951015,-97.09309015
"Culver’s of Mandan, ND","E Main St, North Dakota, USA",46.92368641193644,-97.98403416338348
"Culver’s of Minot, ND","S Broadway, North Dakota, USA",48.230748802828884,-101.29584670041179
"Culver’s of Williston, ND","Reiger Dr, North Dakota, USA",48.14823445640428,-103.65279571929247
"Culver’s of Avon, OH","Center Rd, Ohio, USA",41.23842847467371,-81.78894497148634
"Culver’s of Bowling Green, OH","Gypsy Lane Rd, Ohio, USA",41.356335,-83.57722791210169
"Culver’s of Brunswick, OH","Center Rd, Ohio, USA",41.23842847467371,-81.78894497148634
"Culver’s of Canton, OH","Everhard Rd, Ohio, USA",40.85918679772161,-81.40414846110437
"Culver’s of Columbus, OH","Rentra Dr, Ohio, USA",39.98084546194949,-83.14677705993279
"Culver’s of Eastlake, OH","Vine St, Ohio, USA",39.10790643587602,-84.5146771632286
"Culver’s of Findlay, OH","Trenton Ave, Ohio, USA",41.47587847244552,-81.63454245183638
"Culver’s of Hamilton, OH","Princeton Rd, Ohio, USA",39.39255191923807,-84.5359913900176
"Culver’s of Holland, OH","Centers Dr, Ohio, USA",41.61329189800616,-83.6990173107083
"Culver’s of Macedonia, OH","E Aurora Rd, Ohio, USA",41.31133797255729,-81.46288439988281
"Culver’s of Marysville, OH","Square Dr, Ohio, USA",40.2403258294817,-83.34418758576801
"Culver’s of Mason, OH","Tylersville Rd, Ohio, USA",39.364004137629536,-84.50748317973941
"Culver’s of Medina, OH","Medina Rd, Ohio, USA",41.13617085,-81.79916105
"Culver’s of Monroe, OH","State Hwy 63, Ohio, USA",38.6199502,-84.4932817
"Culver’s of North Ridgeville, OH","Lorain Rd, Ohio, USA",41.44545178785962,-81.85509913641565
"Culver’s of Ontario, OH","Lexington-Springmill Rd, Ohio, USA",40.79835035,-82.59004205
"Culver’s of Oregon, OH","Navarre Ave, Ohio, USA",39.8449065,-84.1688599
"Culver’s of Perrysburg, OH","Fremont Pike, Ohio, USA",41.510194287202005,-83.5078316884867
"Culver’s of Powell, OH","W Powell Rd, Ohio, USA",40.15935946500387,-83.1178838057054
"Culver’s of Reynoldsburg, OH","OH Rte 256, Ohio, USA",39.9448691,-82.7947518
"Culver’s of Sandusky, OH","Milan Rd, Ohio, USA",41.43678249885531,-82.69212040849024
"Culver’s of Sidney, OH","Michigan St, Ohio, USA",40.3437090151438,-83.75269970535568
"Culver’s of Springdale, OH","Princeton Pike, Ohio, USA",39.29062670071808,-84.4667778068776
"Culver’s of Strongsville, OH","Pearl Rd, Ohio, USA",41.439934449999996,-81.70616015
"Culver’s of Toledo, OH","Executive Pkwy, Ohio, USA",40.08383390911934,-82.90114030438934
"Culver’s of Troy, OH","W Main St, Ohio, USA",40.125582214308196,-82.96894877682979
"Culver’s of Vandalia, OH","Miller Ln, Ohio, USA",39.84802414064196,-84.19202679333722
"Culver’s of Anderson, SC","Hwy 81, South Carolina, USA",33.972967488639114,-82.47127333975695
"Culver’s of Duncan, SC","E Main St, South Carolina, USA",34.916805499999995,-81.0002436
"Culver’s of Fort Mill, SC","Foothills Way, South Carolina, USA",35.093656777649755,-80.93719215278193
"Culver’s of Greenville, SC","Woodruff Rd, South Carolina, USA",34.83577551428015,-82.31267688075651
"Culver’s of Greenville, SC","Laurens Rd, South Carolina, USA",34.84777348092479,-82.37049448945794
"Culver’s of Greer, SC","W Wade Hampton Blvd, South Carolina, USA",34.94718491598848,-82.2437332425768
"Culver’s of Indian Land, SC","Charlotte Hwy, South Carolina, USA",35.01386854679311,-80.85153528910568
"Culver’s of Ladson, SC","Ladson Rd, South Carolina, USA",32.980231181346795,-80.12887151697623
"Culver’s of North Charleston, SC","Tanger Outlet Blvd, South Carolina, USA",32.872057144821085,-80.01612572562826
"Culver’s of Simpsonville, SC","Harrison Bridge Rd, South Carolina, USA",34.70583087719934,-82.25116807996277
"Culver’s of Summerville, SC","N Main St, South Carolina, USA",34.0329420792182,-80.32531556741932
"Culver’s of Aberdeen, SD","Centennial St S, South Dakota, USA",45.45868870091507,-98.43861391420717
"Culver’s of Brookings, SD","6th St, South Dakota, USA",44.08165761690796,-103.22682094758976
"Culver’s of Mitchell, SD","Cabela Dr, South Dakota, USA",43.69126831453975,-98.01817058780225
"Culver’s of Rapid City, SD","W Main St, South Dakota, USA",44.082399168912346,-103.27331801778597
"Culver’s of Rapid City, SD","Eglin St, South Dakota, USA",44.096090613548476,-103.15253786091144
"Culver’s of Rapid City, SD","Mt. Rushmore Rd, South Dakota, USA",44.04244719078077,-103.2450361882587
"Culver’s of Sioux Falls, SD","2509 S Louise Ave, South Dakota, USA",43.52320315,-96.77342254999999
"Culver’s of Sioux Falls, SD","S Minnesota Ave, South Dakota, USA",43.49193511013315,-96.7275991548313
"Culver’s of Sioux Falls, SD","Empire Mall, South Dakota, USA",43.510586450000005,-96.77660695069493
"Culver’s of Sioux Falls, SD","E Arrowhead Pkwy, South Dakota, USA",43.5435730860143,-96.66741010231463
"Culver’s of Sioux Falls, SD","6301 S Louise Ave, South Dakota, USA",43.488109050000006,-96.76810046507296
"Culver’s of Spearfish, SD","Platinum Dr, South Dakota, USA",44.47888590958876,-103.81692269968374
"Culver’s of Watertown, SD","26th St SE, South Dakota, USA",44.885467411174595,-97.07357584673765
"Culver’s of Yankton, SD","Broadway Ave, South Dakota, USA",44.37731163239852,-103.73052799292009
"Culver’s of Alcoa, TN","Hamilton Crossing Dr, Tennessee, USA",35.76864728289879,-83.98633710973259
"Culver’s of Clarksville, TN","S Hampton Pl, Tennessee, USA",36.5926562,-87.29750575
"Culver’s of Franklin, TN","Mallory Ln, Tennessee, USA",35.9439715563806,-86.81997605852186
"Culver’s of Hendersonville, TN","Indian Lake Blvd, Tennessee, USA",36.32501303706018,-86.5969294065411
"Culver’s of Knoxville, TN","Kingston Pike, Tennessee, USA",35.93254965,-84.02220937057825
"Culver’s of Mt. Juliet, TN","Old Pleasant Grove Rd, Tennessee, USA",36.17421075799116,-86.51737477424565
"Culver’s of Murfreesboro, TN","Medical Center Pkwy, Tennessee, USA",35.85637701275371,-86.41072436943828
"Culver’s of Murfreesboro, TN","S Rutherford Blvd, Tennessee, USA",35.81988270075604,-86.35426832920253
"Culver’s of Spring Hill, TN","Belshire Village Dr, Tennessee, USA",35.7693733,-86.9188594
"Culver’s of Atascocita, TX","E Atascocita Rd, Texas, USA",29.96026098365186,-95.25710873251063
"Culver’s of Austin, TX","W William Cannon Dr, Texas, USA",30.222965587448375,-97.83996307616748
"Culver’s of Austin, TX","W Braker Ln, Texas, USA",30.393016070651765,-97.71016428797614
"Culver’s of Conroe, TX","N Loop 336 W, Texas, USA",30.33627315436662,-95.46678685439623
"Culver’s of Denison, TX","Hwy 691, Texas, USA",35.4313377,-101.18080914115055
"Culver’s of Flower Mound, TX","Flower Mound Rd, Texas, USA",33.0099586,-97.0294113251034
"Culver’s of Fulshear, TX","Flewellen Way, Texas, USA",29.698391915632843,-95.85477940449971
"Culver’s of Georgetown, TX","Williams Dr, Texas, USA",27.684123228004324,-97.33069388532228
"Culver’s of Kerrville, TX","Junction Hwy, Texas, USA",30.070737347428494,-99.18812135036018
"Culver’s of Kingwood, TX","Northpark Dr, Texas, USA",30.06849186788676,-95.2158447453244
"Culver’s of The Colony, TX","State Hwy 121, Texas, USA",32.295922149999996,-95.26098061501365
"Culver’s of McKinney, TX","W Eldorado Pkwy, Texas, USA",33.14230325,-96.98268130000001
"Culver’s of Rockwall, TX","Ridge Rd, Texas, USA",32.919885493039466,-96.46054542757616
"Culver’s of Round Rock, TX","Palm Valley Blvd, Texas, USA",30.5224205906814,-97.63896719624009
"Culver’s of San Antonio, TX","De Zavala Rd, Texas, USA",29.56307717689737,-98.5998106247736
"Culver’s of Bountiful, UT","N 500 W, Utah, USA",37.11990941803678,-113.59377838726512
"Culver’s of Cedar City, UT","S Main St, Utah, USA",37.104632483140506,-113.5833604026434
"Culver’s of Layton, UT","Gentile St, Utah, USA",41.06016403106818,-112.02060374992642
"Culver’s of Lehi, UT","E Main St, Utah, USA",40.38835375,-111.8336499
"Culver’s of Logan, UT","N 200 E, Utah, USA",40.241651022107675,-111.65510859765436
"Culver’s of Midvale, UT","S Bingham Junction Blvd, Utah, USA",40.61701498718295,-111.91622817017893
"Culver’s of Orem, UT","1211 W 800 N, Utah, USA",40.31175804827586,-111.73038703448276
"Culver’s of South Jordan, UT","S Jordan Pkwy, Utah, USA",40.5587142,-112.0246989
"Culver’s of Spanish Fork, UT","943 N 700 E, Utah, USA",40.12198535,-111.64310343887325
"Culver’s of St. George, UT","1586 S 270 E, Utah, USA",37.081007799999995,-113.57847839022874
"Culver’s of St. George, UT","W Sunset Blvd, Utah, USA",37.12369857322695,-113.62743399335112
"Culver’s of Washington, UT","Twin Rocks Cove, Utah, USA",37.14421115215894,-113.49041035451951
"Culver’s of West Jordan, UT","5600 W, Utah, USA",40.784410750000006,-112.02508365
"Culver’s of West Point, UT","N 2000 W, Utah, USA",37.12717754539872,-113.6271285045252
"Culver’s of West Valley City, UT","S 5600 W, Utah, USA",41.178067999999996,-112.1159933
"Culver’s of Antigo, WI","Neva Rd, Wisconsin, USA",45.16587387580825,-89.1477670311154
"Culver’s of Appleton, WI","N Westhill Blvd, Wisconsin, USA",44.262380947264425,-88.4608901248321
"Culver’s of Darboy, WI","E Calumet St, Wisconsin, USA",44.244052606078505,-88.38660609930157
"Culver’s of Grand Chute, WI","W Evergreen Dr, Wisconsin, USA",44.30174041392561,-88.35282941790604
"Culver’s of Minocqua, WI","US Hwy 51 N, Wisconsin, USA",43.33218211397175,-89.34827852904462
"Culver’s of Ashland, WI","Lake Shore Dr, Wisconsin, USA",44.01876905155615,-88.51668607533658
"Culver’s of Baldwin, WI","Baldwin Plaza Dr, Wisconsin, USA",44.93996889231387,-92.37225661490426
"Culver’s of West Baraboo, WI","Linn St, Wisconsin, USA",42.67535674406824,-89.03048388601562
"Culver’s of Lake Delton, WI","Wisconsin Dells Pkwy S, Wisconsin, USA",43.58899598204617,-89.7891157275719
"Culver’s of Beaver Dam, WI","N Spring St, Wisconsin, USA",43.48132005621347,-88.81999973190806
"Culver’s of Bellevue, WI","Costco Way, Wisconsin, USA",44.45870020648892,-87.98755877289966
"Culver’s of Beloit, WI","Cranston Rd, Wisconsin, USA",42.514238477960156,-88.97618476088388
"Culver’s of Black River Falls, WI","Commerce St, Wisconsin, USA",43.85954235693736,-91.2278259452583
"Culver’s of Brookfield, WI","N 124th St, Wisconsin, USA",43.11518784790999,-88.06561357284932
"Culver’s of Brown Deer, WI","W Schroeder Dr, Wisconsin, USA",43.18639070868769,-87.95957636476453
"Culver’s of Burlington, WI","Milwaukee Ave, Wisconsin, USA",43.015896499386116,-88.24339295105906
"Culver’s of Chippewa Falls, WI","Lake Hallie, Wisconsin, USA",44.8827276,-91.4327558
"Culver’s of Chippewa Falls, WI","Chippewa Crossing Blvd, Wisconsin, USA",44.8882366,-91.8504848
"Culver’s of Clintonville, WI","S Main St, Wisconsin, USA",44.31315303650128,-91.91124065384298
"Culver’s of Columbus, WI","Dix St, Wisconsin, USA",43.336208311270894,-89.02911461383195
"Culver’s of Cottage Grove, WI","Landmark Dr, Wisconsin, USA",43.10405091590783,-89.19697285410125
"Culver’s of Cross Plains, WI","Main St, Wisconsin, USA",43.13359810615375,-88.20070821212731
"Culver’s of De Pere, WI","Lawrence Dr, Wisconsin, USA",44.426757920736236,-88.10666938162646
"Culver’s of DeForest, WI","Cnty Rd V, Wisconsin, USA",43.2509455,-89.3744144
"Culver’s of Delavan, WI","E Geneva St, Wisconsin, USA",42.67004093037601,-88.53625574785528
"Culver’s of Dodgeville, WI","N Johns St, Wisconsin, USA",42.96766696795939,-90.12618005381798
"Culver’s of East Troy, WI","North St, Wisconsin, USA",44.13787004913254,-91.71057625944495
"Culver’s of Eau Claire, WI","Brackett Ave, Wisconsin, USA",44.80005154023145,-91.47523287583385
"Culver’s of Eau Claire, WI","Folsom St, Wisconsin, USA",44.828763528449215,-91.53392902395312
"Culver’s of Eau Claire, WI","Golf Rd, Wisconsin, USA",44.7717691240395,-91.44418981523532
"Culver’s of Edgerton, WI","Newville, Wisconsin, USA",42.8287089,-89.0202424
"Culver’s of Elkhorn, WI","N Wisconsin St, Wisconsin, USA",42.74324302341313,-87.78597688713295
"Culver’s of Elm Grove, WI","W Bluemound Rd, Wisconsin, USA",43.03744415,-87.97072539999999
"Culver’s of Fond du Lac, WI","W Pioneer Rd, Wisconsin, USA",45.66711509632223,-90.51930140654287
"Culver’s of Fond du Lac, WI","State Rd 23, Wisconsin, USA",45.411767665975496,-92.63861652243753
"Culver’s of Fond du Lac, WI","E Johnson St, Wisconsin, USA",43.091336208175804,-89.36641068723824
"Culver’s of Fort Atkinson, WI","Madison Ave, Wisconsin, USA",43.414258564632455,-88.16897782665409
"Culver’s of Franklin, WI","W Oakwood Park Ct, Wisconsin, USA",42.87160997497414,-87.97047747090281
"Culver’s of Glendale, WI","W Bayside Dr, Wisconsin, USA",43.10347124696332,-89.36654021416007
"Culver’s of Grafton, WI","Wisconsin Ave, Wisconsin, USA",43.078480468613115,-89.389123552141
"Culver’s of Green Bay, WI","W Mason St, Wisconsin, USA",44.52348062697065,-88.06368190645847
"Culver’s of Ashwaubenon, WI","Hansen Rd, Wisconsin, USA",44.473432619200764,-88.0672001346876
"Culver’s of Green Bay, WI","Voyager Dr, Wisconsin, USA",44.486037442923795,-87.92720569673416
"Culver’s of Greenfield, WI","W Layton Ave, Wisconsin, USA",42.95925453848154,-87.93836954929981
"Culver’s of Hales Corners, WI","S 108th St, Wisconsin, USA",43.0086172,-88.04665639999999
"Culver’s of Hartford, WI","E Sumner St, Wisconsin, USA",43.31769340487748,-88.34983443545298
"Culver’s of Hartland, WI","Industrial Ct, Wisconsin, USA",44.48485580940902,-87.99093858233653
"Culver’s of Hudson, WI","Carmichael Rd, Wisconsin, USA",44.95263595674669,-92.72083591705253
"Culver’s of Jackson, WI","Tillie Lake Ct, Wisconsin, USA",43.325740800000005,-88.1897999
"Culver’s of Janesville, WI","Milton Ave, Wisconsin, USA",42.71693552325131,-88.99869602945195
"Culver’s of Janesville, WI","W Court St, Wisconsin, USA",43.05058812229628,-87.91507175469343
"Culver’s of Janesville, WI","Midland Rd, Wisconsin, USA",42.67142339718272,-88.97736433199194
"Culver’s of Johnson Creek, WI","Village Walk Ln, Wisconsin, USA",43.2209381535114,-89.35605830846481
"Culver’s of Kenosha, WI","Green Bay Rd, Wisconsin, USA",42.56566915417597,-87.88763954600019
"Culver’s of Kenosha, WI","Sheridan Rd, Wisconsin, USA",42.530414061308655,-87.82598984658543
"Culver’s of Kenosha, WI","Burlington Rd, Wisconsin, USA",42.60383943661759,-87.91534304554128
"Culver’s of La Crosse, WI","Mormon Coulee Rd, Wisconsin, USA",43.7653599,-91.2102775
"Culver’s of Lake Geneva, WI","N Wells St, Wisconsin, USA",42.67905157579528,-89.01275323076122
"Culver’s of Lake Mills, WI","Tyranena Park Rd, Wisconsin, USA",43.0910702012442,-88.91423197653685
"Culver’s of Little Chute, WI","Freedom Rd, Wisconsin, USA",43.401807089028146,-89.85639424376357
"Culver’s of Madison, WI","Northport Dr, Wisconsin, USA",43.13268254411983,-89.36780624328706
"Culver’s of Madison, WI","Todd Dr, Wisconsin, USA",43.0337126164801,-89.4229640970549
"Culver’s of Madison, WI","East Towne Blvd, Wisconsin, USA",43.131688604853025,-89.30102430957142
"Culver’s of Madison, WI","Cottage Grove Rd, Wisconsin, USA",43.08375578549789,-89.32113012312846
"Culver’s of Madison, WI","Mineral Point Rd, Wisconsin, USA",43.06063980546979,-89.4998834228189
"Culver’s of Manitowoc, WI","Calumet Ave, Wisconsin, USA",44.07322333516559,-87.73738664599473
"Culver’s of Marinette, WI","Marinette Ave, Wisconsin, USA",45.09595641459716,-87.64340074587403
"Culver’s of Marshfield, WI","W Upham St, Wisconsin, USA",44.681263237783966,-90.18415736940594
"Culver’s of Mauston, WI","McEvoy St, Wisconsin, USA",43.79625304317014,-90.06044655394786
"Culver’s of McFarland, WI","Farwell St, Wisconsin, USA",43.01308185534823,-89.29657031797508
"Culver’s of Medford, WI","Casement Ct, Wisconsin, USA",45.151349750074075,-90.33475790048436
"Culver’s of Menomonee Falls, WI","Bancroft Dr, Wisconsin, USA",43.190146725787784,-88.14035168006427
"Culver’s of Menomonie, WI","Stout Rd, Wisconsin, USA",44.87955031268603,-91.91249320274841
"Culver’s of Mequon, WI","N Port Washington Rd, Wisconsin, USA",43.09075607719935,-87.91716801091412
"Culver’s of Merrill, WI","E Main St, Wisconsin, USA",44.252191249999996,-91.49799345
"Culver’s of Middleton, WI","Parmenter St, Wisconsin, USA",43.10678951756021,-89.51061745325393
"Culver’s of Milwaukee, WI","W Layton Ave, Wisconsin, USA",42.95925453848154,-87.93836954929981
"Culver’s of Milwaukee, WI","W Fond du Lac Ave, Wisconsin, USA",43.08722947649259,-87.97275966653352
"Culver’s of Milwaukee, WI","W Good Hope Rd, Wisconsin, USA",43.14809648673872,-87.93852770037363
"Culver’s of Monroe, WI","8th St, Wisconsin, USA",44.50941430745035,-88.0453497306255
"Culver’s of Mt. Horeb, WI","Springdale St, Wisconsin, USA",43.01016106304807,-89.72217068833179
"Culver’s of Mukwonago, WI","N Rochester St, Wisconsin, USA",42.87378929382108,-88.33754524683476
"Culver’s of Muskego, WI","Racine Ave, Wisconsin, USA",42.99374785,-88.1986261
"Culver’s of Neenah, WI","Westowne Dr, Wisconsin, USA",44.17370877738229,-88.49360857233275
"Culver’s of New Berlin, WI","W National Ave, Wisconsin, USA",43.02221339208656,-87.94684951815822
"Culver’s of New Glarus, WI","State Rd 69, Wisconsin, USA",45.411767665975496,-92.63861652243753
"Culver’s of New Richmond, WI","Grant Way, Wisconsin, USA",42.92516755,-87.84835341309005
"Culver’s of Oak Creek, WI","S Howell Ave, Wisconsin, USA",42.95129245028929,-87.90981526526616
"Culver’s of Oconomowoc, WI","Summit Ave, Wisconsin, USA",43.070961627929535,-89.41671049221344
"Culver’s of Onalaska, WI","State Rd 16, Wisconsin, USA",43.91262143849308,-91.07584804850053
"Culver’s of Onalaska, WI","Oak Ave S, Wisconsin, USA",43.87237979759339,-91.22975769443642
"Culver’s of Oostburg, WI","S Business Park Dr, Wisconsin, USA",43.62233756021691,-87.77674802691777
"Culver’s of Oregon, WI","Park St, Wisconsin, USA",45.042872312224674,-92.04283059423553
"Culver’s of Oshkosh, WI","S Koeller St, Wisconsin, USA",44.0113307394079,-88.57982055881543
"Culver’s of Oshkosh, WI","Westowne Ave, Wisconsin, USA",44.03122969281051,-88.58731608582166
"Culver’s of Paddock Lake, WI","Antioch Rd, Wisconsin, USA",42.6890457,-88.2664541
"Culver’s of Brookfield, WI","W Capitol Dr, Wisconsin, USA",43.08985621256939,-88.00606084661756
"Culver’s of Platteville, WI","E BUS Hwy 151, Wisconsin, USA",42.733143503235496,-90.43954830387732
"Culver’s of Pleasant Prairie, WI","Corporate Dr, Wisconsin, USA",43.102063799999996,-89.31827115
"Culver’s of Plover, WI","Plover Rd, Wisconsin, USA",44.40630243974273,-89.79205405864082
"Culver’s of Plymouth, WI","Eastern Ave, Wisconsin, USA",43.41276845,-88.17123715
"Culver’s of Port Washington, WI","W Grand Ave, Wisconsin, USA",44.80790439908603,-91.50894916910437
"Culver’s of Portage, WI","New Pinery Rd, Wisconsin, USA",43.558199564765246,-89.46880827415103
"Culver’s of Prairie du Chien, WI","S Marquette Rd, Wisconsin, USA",43.04977358096418,-91.14084224408212
"Culver’s of Racine, WI","21st St, Wisconsin, USA",42.618320250682764,-87.83161791859162
"Culver’s of Racine, WI","Douglas Ave, Wisconsin, USA",43.12904379100332,-88.00409351903933
"Culver’s of Reedsburg, WI","E Main St, Wisconsin, USA",44.252191249999996,-91.49799345
"Culver’s of Rhinelander, WI","W Kemp St, Wisconsin, USA",45.631694459112204,-89.41808707175667
"Culver’s of Rib Mountain, WI","Lilac Ave, Wisconsin, USA",44.8396781877712,-92.61036515250046
"Culver’s of Rice Lake, WI","S Main St, Wisconsin, USA",44.31315303650128,-91.91124065384298
"Culver’s of Richland Center, WI","US Hwy 14 E, Wisconsin, USA",43.1879414,-90.06625190259014
"Culver’s of Ripon, WI","W Fond du Lac St, Wisconsin, USA",43.84570406631848,-88.8397651877516
"Culver’s of River Falls, WI","Main St, Wisconsin, USA",43.13359810615375,-88.20070821212731
"Culver’s of Wausau, WI","Park Plaza, Wisconsin, USA",44.864828370935456,-89.63894706634152
"Culver’s of Sauk City, WI","Phillips Blvd, Wisconsin, USA",43.27135073761125,-89.72852363301057
"Culver’s of Shawano, WI","E Green Bay St, Wisconsin, USA",44.781862000000004,-88.58184885
"Culver’s of Sheboygan, WI","S Taylor Dr, Wisconsin, USA",43.72111113677086,-87.75685446345702
"Culver’s of Sheboygan, WI","State Hwy 42, Wisconsin, USA",43.971514,-88.7409097
"Culver’s of Sheboygan, WI","Washington Ave, Wisconsin, USA",42.72566340216409,-87.78943017089144
"Culver’s of Shorewood, WI","E Capitol Dr, Wisconsin, USA",43.08911315,-87.8987055
"Culver’s of Sparta, WI","W Wisconsin St, Wisconsin, USA",43.54405270273147,-89.47576006491664
"Culver’s of Spring Green, WI","US Hwy 14, Wisconsin, USA",43.340735415804005,-90.5240317835719
"Culver’s of Stevens Point, WI","US Hwy 10 E, Wisconsin, USA",44.1091479,-87.71344055
"Culver’s of Stevens Point, WI","N Division St, Wisconsin, USA",43.19714156394553,-89.4467875572943
"Culver’s of Stoughton, WI","Nygaard St, Wisconsin, USA",42.92912319757935,-89.37610198333111
"Culver’s of Sturgeon Bay, WI","Gordon Rd, Wisconsin, USA",44.2753423149219,-88.7565449286997
"Culver’s of Racine, WI","S Sylvania Ave, Wisconsin, USA",42.68531476095772,-87.9537788015056
"Culver’s of Suamico, WI","Velp Ave, Wisconsin, USA",44.545327992096944,-88.04365058654875
"Culver’s of Sun Prairie, WI","W Main St, Wisconsin, USA",44.25286047524704,-91.50300055058757
"Culver’s of Sun Prairie, WI","Oxford Place, Wisconsin, USA",43.109516066364115,-89.3646893497799
"Culver’s of Superior, WI","E 2nd St, Wisconsin, USA",44.290863672273304,-88.35423900845274
"Culver’s of Sussex, WI","Hwy 164, Wisconsin, USA",43.1379394,-88.2433055
"Culver’s of Tomah, WI","Wittig Rd, Wisconsin, USA",44.017280476836284,-90.50407435644478
"Culver’s of Verona, WI","E Verona Ave, Wisconsin, USA",42.99459103494162,-89.51419692852316
"Culver’s of Viroqua, WI","N Main St, Wisconsin, USA",44.32606727456586,-91.91828081442125
"Culver’s of Wales, WI","E Summit Ave, Wisconsin, USA",44.735808371430814,-92.47330334920738
"Culver’s of Watertown, WI","S Church St, Wisconsin, USA",43.17229302524058,-88.73210966779851
"Culver’s of Waukesha, WI","N Grandview Blvd, Wisconsin, USA",43.024760278398276,-88.2558563542767
"Culver’s of Waukesha, WI","W Sunset Dr, Wisconsin, USA",42.98825436681841,-88.23156769959664
"Culver’s of Waukesha, WI","E Main St, Wisconsin, USA",44.252191249999996,-91.49799345
"Culver’s of Waunakee, WI","E Main St, Wisconsin, USA",44.252191249999996,-91.49799345
"Culver’s of Waupaca, WI","W Fulton St, Wisconsin, USA",44.35433839255691,-89.12352776878154
"Culver’s of Waupun, WI","Kelly Ave, Wisconsin, USA",45.363391,-92.63382
"Culver’s of Wausau, WI","Central Bridge St, Wisconsin, USA",44.969496347565,-89.63432839678244
"Culver’s of Wautoma, WI","N Century Dr, Wisconsin, USA",44.070663486317315,-89.26744705875113
"Culver’s of West Allis, WI","S 108th St, Wisconsin, USA",43.0086172,-88.04665639999999
"Culver’s of West Bend, WI","W Washington St, Wisconsin, USA",43.02017979376122,-87.9183676799051
"Culver’s of West Milwaukee, WI","Miller Pkwy, Wisconsin, USA",43.0131016,-87.968228
"Culver’s of Whitewater, WI","W Main St, Wisconsin, USA",44.25286047524704,-91.50300055058757
"Culver’s of Wisconsin Dells, WI","Hwy 13, Wisconsin, USA",43.6256107,-89.788424
"Culver’s of Wisconsin Rapids, WI","8th St S, Wisconsin, USA",43.80241780238338,-91.24598196122288
"Culver’s of Cheyenne, WY","Dell Range Blvd, Wyoming, USA",41.16035387863915,-104.80837851067186
"Culver’s of Cheyenne, WY","E Lincolnway, Wyoming, USA",41.1414158044757,-104.76211129854138
